,year,account_number,50a_base_year,50a_base_year_emissions,50a_percentage_reduction_target,50a_target_year,50a_target_year_emissions,50a_percentage_target_achieved,total_emissions
0,2018,58671,2008,415408.0,75.0,2045,249245.0,94.0,
1,2018,59167,,,,,,,
2,2018,50553,,,,,,,
3,2018,826407,,,,,,,
4,2018,60375,,,,,,,
5,2018,54337,,,,,,,3561386.0
6,2018,55331,,,,,,,
7,2018,74414,2005,5067000.0,90.0,2050,506700.0,,2321769.0
8,2018,831618,2018,783501.92,23.0,2035,1553.86,4.4,
9,2018,60603,2002,7503.0,2.0,2012,7352.94,,
10,2018,10495,2020,22289335.0,80.0,2050,4457867.0,0.0,
11,2018,831811,,,,,,,
12,2018,54114,2012,1385546.0,50.0,2050,692773.0,,
13,2018,50383,2012,1061141.0,,2020,1960000.0,,
14,2018,57509,,,,,,,1134407.8
15,2018,50396,,,,,,,
16,2018,69985,,,,,,,
17,2018,50665,,,,,,,
18,2018,60268,,,,,,,
19,2018,59535,2018,244217.01,25.0,2025,183162.7575,0.0,
20,2018,35449,2005,5.5,82.0,2050,3.96,73.0,1095811.0
21,2018,59572,2007,574835.0,100.0,2050,0.0,14.0,
22,2018,54354,,,,,,,
23,2018,54517,,,,,,,
24,2018,37261,,,,,,,
25,2018,31185,,,,,,,
26,2018,61427,,,,,,,
27,2018,53959,2010,1443934.0,80.0,2050,288786.8,3.4,
28,2018,35274,,,,,,,
29,2018,60340,,,,,,,
30,2018,70261,,,,,,,
31,2018,831617,,,,,,,
32,2018,58543,,,,,,,
33,2018,58795,,,,,,,
34,2018,43907,2010,16408065.0,100.0,2050,0.0,,
35,2018,54277,,,,,,,
36,2018,31154,2008,16279278.0,3.8,2020,1100000.0,82.34,
37,2018,35858,,,,,,,9701575.0
38,2018,50550,,,,,,,
39,2018,74440,,,,,,,
40,2018,831962,,,,,,,
41,2018,49334,2008,3377333.0,80.0,2050,638793.0,45.75,1367962.0
42,2018,62814,,,,,,,
43,2018,43917,2007,5672432.0,40.0,2030,4424.5,9.7,2785108.0
44,2018,36154,,,,,,,
45,2018,50378,,,,,,,939862.57
46,2018,50385,,,,,,,
47,2018,50558,1990,3440000.0,80.0,2050,690000.0,8.0,2780300.0
48,2018,31009,,,,,,,
49,2018,60599,2011,385000.0,81.0,2050,74000.0,0.0,
50,2018,74495,,,,,,,
51,2018,50679,2008,347987.0,20.0,2020,,,
52,2018,54444,,,,,,,
53,2018,31153,1990,29300000.0,95.0,2050,4395000.0,87.0,
54,2018,54108,,,,,,,
55,2018,50551,,,,,,,4148034.0
56,2018,52638,,,,,,,737282.0
57,2018,35880,,,,,,,2351195.0
58,2018,20113,2011,2765000.0,50.0,2050,1865000.0,9.0,2536992.0
59,2018,31055,,,,,,,
60,2018,60223,,,,,,,
61,2018,51374,,,,,,,
62,2018,55371,,,,,,,
63,2018,69834,,,,,,,365148.77
64,2018,60229,,,,,,,
65,2018,60407,,,,,,,
66,2018,54113,2016,826270.21,80.0,2050,702329.6785,0.0,
67,2018,73293,,,,,,,
68,2018,826431,,,,,,,
69,2018,74423,2005,400000.0,15.0,2015,340000.0,,
70,2018,54084,2016,1156679.0,100.0,2050,,0.0,1005266.0
71,2018,54559,,,,,,,
72,2018,58461,,,,,,,
73,2018,36261,2010,520715.0,40.65,2030,309046.0,6.8,
74,2018,54291,,,,,,,
75,2018,50386,,,,,,,
76,2018,50544,,,,,,,
77,2018,31163,,,,,,,
78,2018,50364,,,,,,,
79,2018,55801,2008,5513890.0,100.0,2050,0.0,5.0,383625.0
80,2018,49787,,,,,,,93726.37
81,2018,50559,,,,,,,903407.0
82,2018,55799,,,,,,,1067210.0
83,2018,59536,2010,4600000.0,80.0,2050,920000.0,5.2,
84,2018,54687,,,,,,,
85,2018,55418,,,,,,,
86,2018,50571,2007,412875.0,80.0,2050,82575.0,11.0,
87,2018,42123,,,,,,,
88,2018,55616,,,,,,,
89,2018,35877,2003,5987870.0,80.0,2050,4790296.0,5.0,
90,2018,36004,,,,,,,
91,2018,50391,,,,,,,
92,2018,73295,,,,,,,
93,2018,35393,2005,8081418.0,80.0,2050,1616283.0,19.0,2882605.0
94,2018,60206,,,,,,,
95,2018,31051,2005,2118000.0,27.5,2020,1535550.0,35.4,
96,2018,73301,,,,,,,
97,2018,35907,,,,,,,
98,2018,50220,2012,2352000.0,75.0,2050,588000.0,7.0,1871017.0
99,2018,54608,2012,943467.0,20.0,2032,,,827.954
100,2018,36036,,,,,,,
101,2018,50543,2016,6775289.0,80.0,2050,1365616.5,0.0,
102,2018,55372,,,,,,,
103,2018,74573,2007,,20.0,2020,,,
104,2018,31148,1990,3810000.0,95.0,2050,190500.0,,
105,2018,68383,,,,,,,
106,2018,55800,2012,1462236.0,47.0,2050,774985.08,,
107,2018,59631,2005,726528.6,80.0,2050,544896.45,8.0,548456.82
108,2018,49367,,,,,,,
109,2018,31110,2003,12905.0,40.0,2030,7743.0,,8407712.0
110,2018,54678,,,,,,,
111,2018,54430,,,,,,,
112,2018,60679,,,,,,,
113,2018,59156,,,,,,,
114,2018,35863,2015,22542921.0,80.0,2050,4508584.2,,12088612.0
115,2018,36274,2005,2299923.1,21.3,2020,1810039.4797,17.8,
116,2018,52894,,,,,,,
117,2018,54402,1990,1174000.0,80.0,2025,235000.0,41.0,
118,2018,31109,,,,,,,955783.0
119,2018,50578,,,,,,,2593309.0
120,2018,35857,2006,9300000.0,84.0,2050,8556000.0,44.0,4346533.0
121,2018,31172,,,,,,,21327895.49
122,2018,54697,,,,,,,
123,2018,31176,2005,11402180.0,20.0,2020,9121744.0,,17326232.0
124,2018,54682,,,,,,,
125,2018,50579,2011,5379024.0,20.0,2030,,,
126,2018,54498,2007,2141277.0,20.0,2020,1713021.6,21.32,
127,2018,3417,2005,61062452.0,80.0,2050,36637471.2,42.0,35850141.0
128,2018,50394,,,,,,,2309846.0
129,2018,43934,,,,,,,
130,2018,74504,,,,,,,
131,2018,43938,,,,,,,
132,2018,50565,,,,,,,
133,2018,60318,,,,,,,17164389.21
134,2018,58424,,,,,,,
135,2018,54615,,,,,,,
136,2018,58489,2012,307342.0,95.0,2050,15367.1,24.0,142768.0
137,2018,54510,1990,390887.0,50.0,2045,195443.5,0.0,
138,2018,60413,,,,,,,
139,2018,50357,,,,,,,39246500.0
140,2018,54405,,,,,,,
141,2018,59124,,,,,,,
142,2018,831823,,,,,,,
143,2018,50562,2005,1339993.0,15.0,2020,,45.0,884432.84
144,2018,31446,2005,13073632.0,50.0,2050,9805224.0,29.37,3649758.0
145,2018,60127,,,,,,,
146,2018,60233,,,,,,,
147,2018,36041,,,,,,,
148,2018,14088,1990,1200000.0,95.0,2030,60000.0,11.0,
149,2018,63615,,,,,,,
150,2018,54579,,,,,,,
151,2018,50370,,,,,,,
152,2018,54488,1991,494000.0,80.0,2030,98800.0,82.0,
153,2018,60399,,,,,,,
154,2018,54692,,,,,,,
155,2018,831812,,,,,,,
156,2018,58482,,,,,,,2149211.0
157,2018,31113,2013,21590000.0,30.0,2030,15113000.0,44.0,11063902.0
158,2018,60274,,,,,,,
159,2018,54253,,,,,,,
160,2018,54443,,,,,,,
161,2018,826396,2008,1076991.0,20.0,2020,861592.8,30.0,
162,2018,50395,,,,,,,
163,2018,35872,,,,,,,1613939.94
164,2018,58597,,,,,,,
165,2018,35903,,,,,,,
166,2018,54521,2017,1943330.0,100.0,2050,0.0,0.0,380799.0
167,2018,31167,,,,,,,25640207.0
168,2018,50354,,,,,,,5034285.67
169,2018,60278,,,,,,,
170,2018,826210,,,,,,,
171,2018,13067,2014,3606199.0,50.0,2030,,3.0,
172,2018,68388,,,,,,,
173,2018,50375,2010,14330260.0,1.0,2016,14330260.0,0.0,
174,2018,60416,,,,,,,
175,2018,74560,2009,29030.0,80.0,2040,,,
176,2018,826237,,,,,,,
177,2018,53921,2015,3667560.36,100.0,2060,0.0,0.0,1285662.84
178,2018,3203,2005,36869456.0,26.0,2025,27283397.0,59.0,16784486.0
179,2018,68385,,,,,,,
180,2018,54606,,,,,,,
181,2018,61790,2005,215977.0,40.0,2030,66828.1,85.77,131281.0
182,2018,36279,,,,,,,
183,2018,826423,,,,,,,
184,2018,55325,2002,385172.0,33.0,2020,258065.24,100.0,
185,2018,50674,2000,495030.0,41.6,2030,289097.52,,
186,2018,36426,,,,,,,
187,2018,16581,2008,3708000.0,58.0,2050,1557360.0,6.0,3318000.0
188,2018,50374,,,,,,,
189,2018,59537,,,,,,,
190,2018,58668,2017,801044.0,100.0,2050,0.0,0.0,328329.0
191,2018,43969,,,,,,,
192,2018,2430,,,,,,,
193,2018,60108,,,,,,,
194,2018,36410,2016,17191915.0,71.0,2050,8479086.0,,9372709.0
195,2018,36489,,,,,,,
196,2018,50560,2005,3542130.0,36.0,2020,2266963.2,63.0,2032515.0
197,2018,74531,,,,,,,1307967.0
198,2018,73706,2005,367294.0,25.0,2020,275470.5,14.0,300517.0
199,2018,36002,,,,,,,
200,2018,54104,2005,1846217.0,80.0,2050,369243.4,18.0,771673.0
201,2018,60588,,,,,,,
202,2018,54651,,,,,,,
203,2018,43910,2013,10781451.0,20.0,2020,8625161.0,0.0,5340340.0
204,2018,54060,,,,,,,
205,2018,54110,1990,1386640.0,80.0,2030,289837.0,31.0,862781.0
206,2018,31177,2009,4943904.0,80.0,2040,990974.0,4.87,
207,2018,54298,,,,,,,
208,2018,31090,2006,10535018.0,50.0,2050,5243342.0,60.0,2952904.19
209,2018,60371,,,,,,,
210,2018,54388,,,,,,,19330000.0
211,2018,35865,2014,5139514.0,20.0,2030,4111611.2,4.0,4037064.53
212,2018,54100,,,,,,,900655.0
213,2018,60254,,,,,,,
214,2018,59987,,,,,,,
215,2018,36252,,,,,,,
216,2018,31108,2014,33414134.0,75.0,2050,8353533.5,0.0,19263921.0
217,2018,63562,2005,,45.0,2035,,,
218,2018,35905,2015,19300000.0,50.0,2030,9650000.0,18.0,10970640.0
219,2018,35859,2010,12910872.0,80.0,2050,7746523.2,7.97,8929029.0
220,2018,54119,1990,765920.0,80.0,2030,153184.0,56.5,
221,2018,74443,,,,,,,
222,2018,42388,,,,,,,
223,2018,58865,,,,,,,
224,2018,49360,,,,,,,
225,2018,62855,2007,267721.0,7.0,2030,249000.0,71.0,158269.0
226,2018,36263,,,,,,,
227,2018,55334,2014,627150.0,20.0,2050,609636.0,3.0,
228,2018,73229,,,,,,,
229,2018,46470,2006,841068.0,25.7,2020,624913.524,52.0,
230,2018,31158,,,,,,,
231,2018,63919,,,,,,,
232,2018,54102,,,,,,,
233,2018,54409,1990,1060217.0,100.0,2030,0.0,0.0,903000.0
234,2018,43940,1990,1460000.0,40.0,2020,876000.0,36.0,673433.0
235,2018,43975,,,,,,,
236,2018,50387,,,,,,,
237,2018,44185,2005,5850358.0,25.0,2030,4387768.0,8.0,3529808.292
238,2018,54293,,,,,,,
239,2018,31182,1990,7957691.26,40.0,2025,5968268.445,89.0,4013141.0
240,2018,60272,,,,,,,
241,2018,42178,,,,,,,5081963.0
242,2018,50380,,,,,,,
243,2018,43909,2007,7408100.0,90.0,2018,740810.0,6.0,
244,2018,54504,,,,,,,
245,2018,69848,,,,,,,
246,2018,31157,,,,,,,
247,2018,31156,,,,,,,3240379.0
248,2018,59168,,,,,,,
249,2018,58357,2008,583213.0,25.0,2035,437409.75,31.0,
250,2018,31186,,,,,,,4652219.0
251,2018,54329,2015,2678.46,35.0,2030,6405.08,35.0,
252,2018,50211,,,,,,,
253,2018,50566,2015,5178548.0,80.0,2050,1035709.6,,2305156.0
254,2018,60320,,,,,,,
255,2018,54082,2014,1310000.0,80.0,2050,262000.0,,
256,2018,826446,,,,,,,
257,2018,69850,,,,,,,
258,2018,50671,,,,,,,
259,2018,36469,,,,,,,
260,2018,35885,,,,,,,
261,2018,59151,,,,,,,
262,2018,826208,,,,,,,
263,2018,43970,,,,,,,
264,2018,60126,,,,,,,
265,2018,49335,2014,13461292.0,70.0,2050,4038388.0,9.6,6680198.0
266,2018,50541,2005,5322016.0,40.0,2025,3193210.0,42.46,
267,2018,59166,,,,,,,
268,2018,58797,2010,165372.0,40.0,2030,99223.0,43.0,74378.679
269,2018,69967,,,,,,,
270,2018,58594,,,,,,,
271,2018,31170,,,,,,,
272,2018,36223,,,,,,,
273,2018,54593,,,,,,,
274,2018,831834,,,,,,,
275,2018,36286,2007,1261231.0,41.8,2030,734036.442,21.6,
276,2018,60346,,,,,,,
277,2018,63542,,,,,,,
278,2018,35864,,,,,,,
279,2018,54109,2016,1328610.0,11.0,2023,1182463.0,,385100.0
280,2018,36504,,,,,,,
281,2018,826243,,,,,,,
282,2018,60287,,,,,,,
283,2018,70005,,,,,,,
284,2018,60391,,,,,,,
285,2018,50392,,,,,,,
286,2018,54459,2015,349000.0,73.0,2050,94230.0,0.0,249924.0
287,2018,58310,,,,,,,
288,2018,54683,,,,,,,
289,2018,55419,,,,,,,
290,2018,35879,2006,5181707.0,80.0,2050,4404451.0,57.0,2522163.0
291,2018,54078,2005,1154088.0,20.0,2020,922109.0,7.6,915946.0
292,2018,54026,2000,1658939.0,80.0,2050,1327151.0,82.0,962074.0
293,2018,58796,,,,,,,
294,2018,60349,,,,,,,
295,2018,58513,2015,465879.0,100.0,2050,0.0,,
296,2018,50782,,,,,,,
297,2018,36043,,,,,,,
298,2018,54649,,,,,,,
299,2018,826209,,,,,,,
300,2018,60142,,,,,,,
301,2018,54623,,,,,,,
302,2018,31180,,,,,,,
303,2018,50371,,,,,,,3762197.0
304,2018,36484,,,,,,,
305,2018,36045,,,,,,,
306,2018,54497,1990,4823886.0,20.0,2020,3859109.0,3.5,2048867.0
307,2018,50681,,,,,,,
308,2018,32480,2007,1148108.0,35.0,2020,746270.2,42.03,218901.0
309,2018,46473,,,,,,,
310,2018,31181,2006,21000000.0,80.0,2050,4200000.0,,13245863.0
311,2018,58610,,,,,,,
312,2018,60356,,,,,,,
313,2018,58569,,,,,,,
314,2018,54709,,,,,,,
315,2018,35886,1991,4469786.0,40.0,2030,2681872.0,33.0,
316,2018,60387,,,,,,,
317,2018,62791,,,,,,,
318,2018,36158,2005,2913413.0,25.0,2020,2185059.75,12.5,
319,2018,35848,2007,2988756.0,20.0,2030,2391004.8,1.38,3223716.0
320,2018,63616,,,,,,,
321,2018,49339,,,,,,,
322,2018,58867,,,,,,,
323,2018,50673,,,,,,,
324,2018,31115,,,,,,,15772974.0
325,2018,31114,2006,5815523.0,70.0,2030,1744656.9,31.0,316348.0
326,2018,54092,2000,2196556.0,90.0,2050,219655.0,2.0,
327,2018,50362,,,,,,,
328,2018,62864,,,,,,,
329,2018,14874,1990,9037646.0,80.0,2050,1807529.0,15.0,5037132.0
330,2018,60379,,,,,,,
331,2018,60213,,,,,,,
332,2018,54128,,,,,,,1371400.99
333,2018,50549,,,,,,,
334,2018,31179,1990,23700000.0,49.0,2030,12087000.0,0.0,34188.661
335,2018,60633,,,,,,,
336,2018,31164,,,,,,,21885641.0
337,2018,54625,,,,,,,
338,2018,31173,2005,7418000.0,45.0,2050,5934400.0,74.0,
339,2018,1184,2010,14500000.0,90.0,2050,1450000.0,14.0,8251485.0
340,2018,60292,,,,,,,
341,2018,54656,,,,,,,
342,2018,50154,1990,1236200.0,80.0,2029,247240.0,42.0,
343,2018,50650,,,,,,,289561.0
344,2018,31111,2000,62200000.0,30.0,2050,43700000.0,,21523714.0
345,2018,35868,,,,,,,
346,2018,60216,1993,459189.0,72.0,2030,132016.8375,42.0,
347,2018,60546,,,,,,,
348,2018,60236,,,,,,,
349,2018,35755,,,,,,,
350,2018,59552,,,,,,,
351,2018,58528,,,,,,,
352,2018,826188,,,,,,,
353,2018,36283,,,,,,,
354,2018,54529,1990,2388260.0,50.0,2025,1194130.0,91.4,1043.0
355,2018,60393,,,,,,,
356,2018,53254,,,,,,,399548.0
357,2018,35860,,,,,,,
358,2018,46514,2004,1304.0,45.0,2020,717.2,58.0,
359,2018,54652,,,,,,,
360,2018,50572,,,,,,,2878153.0
361,2018,54048,2005,4201700.0,80.0,2050,825636.39,11.0,2653938.45
362,2018,64014,2010,338673.0,83.0,2050,57574.0,87.0,154415.0
363,2018,3429,1990,3668000.0,100.0,2040,0.0,50.0,1842097.0
364,2018,52164,,,,,,,
365,2018,57641,,,,,,,
366,2018,54688,,,,,,,
367,2018,59644,2019,,28.0,2025,,,
368,2018,36477,,,,,,,
369,2018,44073,,,,,,,
370,2018,49342,2010,1800000.0,40.0,2030,1080000.0,0.0,
371,2018,54348,,,,,,,
372,2018,830907,,,,,,,
373,2018,60178,,,,,,,
374,2018,60279,,,,,,,
375,2018,35913,,,,,,,
376,2018,31175,2004,7400000.0,100.0,2050,0.0,25.0,3359242.0
377,2018,35904,,,,,,,
378,2018,58590,,,,,,,199041.0
379,2018,50384,,,,,,,1358385.0
380,2018,43911,2012,6907000.0,96.0,2050,6078000.0,14.0,5944000.0
381,2018,59545,2011,459309.0,45.0,2030,252620.0,21.0,172555.0
382,2018,43932,2016,9921457.0,50.0,2050,7630790.0,0.0,9118050.0
383,2018,50557,,,,,,,
384,2018,74594,2015,904666.0,50.0,2035,452333.0,0.2,
385,2018,43920,,,,,,,
386,2018,69973,,,,,,,
387,2018,71557,,,,,,,
388,2018,831616,,,,,,,
389,2018,36265,,,,,,,
390,2018,831425,,,,,,,
391,2018,35874,2012,17014987.0,30.0,2025,11910490.9,6.33,11094141.0
392,2018,59180,2010,362234.0,50.0,2025,181117.0,,
393,2018,35993,2030,65.0,50.0,2050,32.5,,
394,2018,59163,,,,,,,
395,2018,31112,2005,67326998.0,20.0,2030,53861598.4,13.23,69984178.0
396,2018,50389,,,,,,,
397,2018,14344,,,,,,,6309.564008
398,2018,50382,2014,3262192.0,25.0,2030,9786576.0,,
399,2018,826236,,,,,,,
400,2018,58868,,,,,,,6140123.0
401,2018,49333,,,,,,,20804701.0
402,2018,36262,,,,,,,
403,2018,832078,,,,,,,
404,2018,35272,,,,,,,761145.0
405,2018,36037,,,,,,,
406,2018,55322,,,,,,,
407,2018,58595,,,,,,,
408,2018,73282,,,,,,,
409,2018,74680,,,,,,,
410,2018,31052,2005,2682000.0,26.0,2020,1984680.0,46.0,
411,2018,54631,,,,,,,
412,2018,55442,,,,,,,
413,2018,60381,,,,,,,
414,2018,43914,2015,2015.0,85.0,2050,6262790.4,0.0,
415,2018,54666,,,,,,,
416,2018,74427,2003,865975.0,100.0,2035,0.0,0.0,
417,2018,60621,,,,,,,
418,2018,59538,1990,7549508.0,80.0,2050,1509902.0,,6298053.5
419,2018,35867,2016,15510627.6,100.0,2050,0.0,13.0,3900882.0
420,2018,60264,,,,,,,
421,2018,52897,2004,380471.0,80.0,2050,76094.2,65.84,
422,2018,60394,,,,,,,
423,2018,35862,2012,10500000.0,30.0,2025,7350000.0,,
424,2018,826126,,,,,,,
425,2018,54289,,,,,,,
426,2018,60273,,,,,,,115719.73
427,2018,49327,2010,2652837.0,100.0,2050,0.0,3.65,2184796.0
428,2018,69849,,,,,,,
429,2018,74466,,,,,,,
430,2018,831152,,,,,,,
431,2018,60271,,,,,,,
432,2018,832009,,,,,,,
433,2018,830945,,,,,,,
434,2018,63999,,,,,,,311043.23
435,2018,54124,2005,1660000.0,100.0,2045,0.0,13.0,1097979.0
436,2018,73530,2012,520023.0,100.0,2050,0.0,9.0,
437,2018,54390,,,,,,,
438,2018,74525,,,,,,,
439,2018,43928,1990,3196800.0,90.0,2045,294000.0,13.0,
440,2018,54637,,,,,,,
441,2018,36494,2005,2094868.0,52.0,2030,1005536.64,78.0,
442,2018,50680,,,,,,,
443,2018,831433,,,,,,,
444,2018,60652,,,,,,,
445,2018,35887,,,,,,,
446,2018,73413,2016,17605000.0,50.0,2030,8802500.0,28.0,
447,2018,43905,2016,17350376.0,41.0,2030,10236721.84,0.0,
448,2018,36492,2004,1121130.0,20.0,2020,896904.0,11.7,
449,2018,60410,2017,222008.13,30.0,2030,155405.691,5.0,
450,2018,59697,,,,,,,
451,2018,58485,,,,,,,
452,2018,42120,,,,,,,
453,2018,50568,2014,3852171.0,80.0,2050,770434.2,0.0,
454,2018,35883,2014,6900000.0,83.0,2050,1200000.0,21.0,
455,2018,35884,2010,12984993.0,50.0,2035,6492496.5,,
456,2018,54641,,,,,,,
457,2018,31184,2010,15115.0,30.0,2020,10580.5,,
458,2018,54066,2005,2472391.0,80.0,2050,0.0,70.0,984857.0
459,2018,54681,,,,,,,
460,2018,55380,,,,,,,
461,2018,58531,2014,651426.0,100.0,2050,0.0,5.3,467600.0
462,2018,36470,2007,262091.0,20.0,2020,209672.8,7.0,
463,2018,826427,,,,,,,
464,2018,1093,,,,,,,2998249.0
465,2018,54493,,,,,,,
466,2018,73302,,,,,,,
467,2018,31174,1990,77000000.0,25.0,2020,57750000.0,97.0,
468,2018,49330,2000,11300000.0,30.0,2020,7910000.0,70.0,8131805.0
469,2018,74508,,,,,,,
470,2018,54616,,,,,,,
471,2018,69968,,,,,,,
472,2018,60354,,,,,,,
473,2018,54668,,,,,,,
474,2018,31117,1990,27051617.0,80.0,2050,9468065.95,70.4,14709387.0
475,2018,59633,1990,427280.0,80.0,2050,85456.0,47.5,192380.0
476,2018,69999,,,,,,,
477,2018,51079,,,,,,,
478,2018,60284,,,,,,,
479,2018,831230,,,,,,,
480,2018,45219,,,,,,,
481,2018,31169,,,,,,,41128067.0
482,2018,59669,2007,224212.0,80.0,2050,44842.4,,205886.0
483,2018,54111,2005,1285168.0,80.0,2050,925320.96,98.0,502858.0
484,2018,59642,,,,,,,224746.0
485,2018,61753,,,,,,,
486,2018,54706,,,,,,,
487,2018,59563,,,,,,,
488,2018,62868,,,,,,,
489,2018,55324,2008,729469.0,20.0,2020,583575.2,100.0,
490,2018,54395,2005,30840051.55,50.0,2050,15420025.775,,
491,2018,60392,,,,,,,96487.77
492,2018,68378,,,,,,,
493,2018,54057,,,,,,,
494,2018,54030,,,,,,,
495,2018,50574,,,,,,,
496,2018,31171,1990,,40.0,2030,,,
497,2018,50368,,,,,,,
498,2018,35475,2005,15793731.0,80.0,2050,5935550.0,,10834502.0
499,2018,59588,,,,,,,
500,2018,35893,,,,,,,
501,2018,31165,2010,1225000.0,95.0,2050,62000.0,,563517.0
502,2018,73247,,,,,,,
503,2018,59595,2005,72072.0,15.0,2020,,88.0,
504,2018,54672,,,,,,,
505,2018,60214,,,,,,,
506,2018,58636,,,,,,,
507,2018,73879,2008,596085.0,35.0,2020,387455.25,29.0,422955.0
508,2018,54662,,,,,,,
509,2018,43926,,,,,,,
510,2018,54647,,,,,,,
511,2018,43930,1990,2499000.0,50.0,2030,1749300.0,33.0,1010243.0
512,2018,54633,,,,,,,
513,2018,60267,,,,,,,
514,2018,60114,1999,,20.0,2020,,,
515,2018,54070,2010,1835139.0,99.9,2100,530633.0,4.5,912080.0
516,2018,50555,2006,23087326.0,50.0,2050,20778593.4,84.3,214556952.0
517,2018,54085,,,,,,,
518,2018,60207,,,,,,,
519,2018,31166,,,,,,,19503.35
520,2018,57505,,,,,,,
521,2018,50398,,,,,,,
522,2018,31146,2016,4.89,64.0,2050,0.0,,
523,2018,19233,,,,,,,
524,2018,60290,,,,,,,
525,2018,57616,2007,402364.0,20.0,2030,321891.8,,
526,2018,35268,2005,7820179.0,25.0,2050,5865134.25,85.0,3890790.0
527,2018,59678,2005,1018668.0,28.0,2050,733441.08,62.0,
528,2018,10894,1990,36200000.0,73.0,2035,9774000.0,49.0,
529,2018,58621,,,,,,,112096.953
530,2018,54654,,,,,,,
531,2018,59165,2007,499740.0,40.0,2020,299844.0,40.0,249706.0
532,2018,58609,,,,,,,
533,2018,54478,,,,,,,
534,2018,826103,,,,,,,
535,2018,60656,2005,48820.0,80.0,2050,9969.0,55.0,31807.0
536,2018,31168,,,,,,,
537,2018,35898,1990,21200000.0,97.3,2038,572400.0,42.5,9587290.0
538,2018,31151,,,,,,,783932.0
539,2018,54703,,,,,,,
540,2018,61876,,,,,,,
541,2018,31150,,,,,,,27292982.0
542,2018,59160,,,,,,,
543,2018,60218,,,,,,,
544,2018,831620,2019,197030.8,32.0,2035,133980.94,,
545,2018,60116,,,,,,,
546,2018,58395,2009,228820.2,40.0,2030,137292.12,61.75,219503.0
547,2018,54389,2005,18581188.0,50.0,2050,9290594.0,0.0,19233095.5
548,2018,74418,2005,793077.0,80.0,2050,158615.4,0.0,
549,2018,50672,2006,337112.0,21.0,2020,,,
550,2018,54457,,,,,,,
551,2018,60328,,,,,,,
552,2018,35853,2007,9226075.0,25.0,2020,6919556.0,50.4,
553,2018,43912,2005,18263000.0,35.0,2035,11871000.0,6.0,10031542.0
554,2018,56276,2005,20200278.72,25.0,2030,15609669.85,5.0,7653808.0
555,2018,55373,,,,,,,
556,2018,63543,2010,243000.0,70.0,2050,72900.0,25.0,
557,2018,832838,,,,,,,
558,2018,60140,,,,,,,
559,2018,55415,,,,,,,
560,2018,54575,,,,,,,
561,2018,55319,,,,,,,
562,2018,73252,,,,,,,
563,2018,54290,,,,,,,
564,2018,58530,2010,,100.0,2050,,,
565,2018,826397,,,,,,,
566,2018,50388,,,,,,,
567,2018,60602,,,,,,,
568,2018,3422,1990,45050000.0,60.0,2050,27030000.0,31.0,20949542.7
569,2018,54513,1990,1446000.0,90.0,2050,145000.0,53.0,
570,2018,60104,,,,,,,
571,2018,32550,2005,13250423.0,80.0,2050,7287732.65,13.0,3519846.0
572,2018,43937,2001,1135995.0,80.0,2050,647517.15,70.0,621179.0
573,2018,8242,1990,3514000.0,80.0,2035,702800.0,27.0,2184276.0
574,2018,49344,,,,,,,
575,2018,59298,,,,,,,
576,2018,69823,,,,,,,
577,2018,50794,,,,,,,
578,2018,36285,2005,2519980.0,80.0,2050,503996.0,95.0,
579,2018,60577,2010,547000.0,100.0,2030,,,
580,2018,35894,1990,15562000.0,55.0,2030,7002900.0,95.0,11179649.0
581,2018,74428,,,,,,,
582,2018,55328,,,,,,,
583,2018,59653,2005,341262.0,15.0,2020,290072.7,100.0,175766.69
584,2018,31155,,,,,,,16338506.0
585,2018,36254,2005,3467367.0,20.0,2016,3103390.0,,8735271.0
586,2018,831150,,,,,,,
587,2018,54588,,,,,,,
588,2018,31187,2005,49445000.0,40.0,2050,30000000.0,5.6,22581000.0
589,2018,57347,2013,4632700.0,30.0,2030,3242890.0,0.0,2530643.7
590,2018,54116,2003,1266234.0,50.0,2030,633117.0,27.0,
591,2018,831231,,,,,,,
592,2018,35897,,,,,,,
593,2018,54650,,,,,,,
594,2018,59540,,,,,,,
595,2018,62180,,,,,,,
596,2018,36039,,,,,,,911135.0
597,2018,50792,1990,99310.0,50.0,2030,71918.0,51.4,
598,2018,35878,2005,4235545.0,83.0,2050,720042.65,39.0,
599,2018,69995,2007,2221.0,80.0,2030,444.2,34.0,
600,2018,58871,,,,,,,
601,2018,826238,,,,,,,
602,2018,37038,,,,,,,
603,2018,826239,,,,,,,
604,2018,74569,,,,,,,
605,2018,74401,2012,483773.0,41.0,2030,430541.0,25.0,
606,2018,60347,,,,,,,
607,2018,826207,,,,,,,
608,2018,31149,2014,4537406.78,40.0,2030,2722444.068,20.97,1330352.0
609,2018,60419,,,,,,,981954.0
610,2018,59158,,,,,,,33277.0
611,2018,35873,,,,,,,2193277.0
612,2018,826100,,,,,,,
613,2018,51075,,,,,,,
614,2018,54700,,,,,,,
615,2018,63601,,,,,,,
616,2018,36522,2010,151401.0,20.0,2020,121089.0,9.2,
617,2018,36159,,,,,,,
618,2018,73240,,,,,,,
619,2018,60374,,,,,,,
620,2018,68371,,,,,,,
621,2018,54075,2007,2447746.0,20.0,2025,1958197.0,12.0,856008.0
622,2018,49359,,,,,,,
623,2018,54671,,,,,,,
624,2018,35902,,,,,,,
625,2018,49343,,,,,,,
626,2018,60433,,,,,,,118724.0
627,2018,35915,,,,,,,
628,2018,58627,,,,,,,
629,2018,60258,,,,,,,
630,2018,63941,2010,22177409.0,80.0,2050,4435481.8,0.0,9303281.66
631,2018,60361,,,,,,,
632,2018,1499,2005,4997970.0,50.0,2030,2748883.0,26.0,2955953.0
633,2018,50381,,,,,,,
634,2018,70017,,,,,,,
635,2018,58413,,,,,,,
636,2018,74631,,,,,,,
637,2018,60898,,,,,,,
638,2018,60638,,,,,,,
639,2018,35995,,,,,,,
640,2018,826114,,,,,,,
641,2019,840309,,,,,,,
642,2019,54609,,,,,,,
643,2019,840914,,,,,,,
644,2019,841416,,,,,,,
645,2019,840030,,,,,,,224432.8
646,2019,54649,,,,,,,
647,2019,54632,,,,,,,
648,2019,2028,,,,,,,
649,2019,840926,,,,,,,
650,2019,36504,,,,,,,
651,2019,73678,,,,,,,34460.39
652,2019,3203,2005,36869456.0,26.0,2025,27283397.0,59.0,
653,2019,54104,2005,1846217.0,80.0,2050,369243.4,18.0,751388.46
654,2019,50356,,,,,,,
655,2019,841153,,,,,,,
656,2019,59631,2005,726528.6,80.0,2050,544896.45,8.0,
657,2019,31184,2010,15115.0,30.0,2020,10580.5,,
658,2019,36286,2007,1261231.0,41.8,2030,734036.442,21.6,
659,2019,60236,,,,,,,
660,2019,36495,,,,,,,
661,2019,54579,,,,,,,
662,2019,73763,,,,,,,
663,2019,60906,,,,,,,561.54
664,2019,58865,,,,,,,
665,2019,69995,2007,2221.0,80.0,2030,444.2,34.0,
666,2019,73301,,,,,,,
667,2019,60268,,,,,,,
668,2019,58871,,,,,,,
669,2019,31113,2013,21590000.0,30.0,2030,15113000.0,44.0,
670,2019,59595,2005,72072.0,15.0,2020,,88.0,
671,2019,74428,,,,,,,
672,2019,840930,,,,,,,
673,2019,74531,,,,,,,
674,2019,35848,2007,2988756.0,20.0,2030,2391004.8,1.38,
675,2019,54700,,,,,,,
676,2019,74309,,,,,,,176321.3
677,2019,49367,,,,,,,
678,2019,54270,,,,,,,
679,2019,60361,,,,,,,
680,2019,36492,2004,1121130.0,20.0,2020,896904.0,11.7,990097.0
681,2019,35859,2010,12910872.0,80.0,2050,7746523.2,7.97,8593604.0
682,2019,54430,,,,,,,1894045.0
683,2019,839669,,,,,,,
684,2019,834258,,,,,,,49688.98
685,2019,840515,,,,,,,
686,2019,55325,2002,385172.0,33.0,2020,258065.24,100.0,
687,2019,831616,,,,,,,
688,2019,73736,,,,,,,54525.63
689,2019,60384,,,,,,,
690,2019,73732,,,,,,,42140.43
691,2019,58395,2009,228820.2,40.0,2030,137292.12,61.75,
692,2019,36037,,,,,,,4174608.0
693,2019,54111,2005,1285168.0,80.0,2050,925320.96,98.0,
694,2019,50354,,,,,,,
695,2019,50794,,,,,,,
696,2019,63562,2005,,45.0,2035,,,3723299.07
697,2019,64014,2010,338673.0,83.0,2050,57574.0,87.0,154412.6
698,2019,49342,2010,1800000.0,40.0,2030,1080000.0,0.0,
699,2019,35897,,,,,,,
700,2019,54109,2016,1328610.0,11.0,2023,1182463.0,,
701,2019,42178,,,,,,,
702,2019,73789,,,,,,,0.0
703,2019,59588,,,,,,,
704,2019,63919,,,,,,,
705,2019,840070,,,,,,,
706,2019,1499,2005,4997970.0,50.0,2030,2748883.0,26.0,
707,2019,826236,,,,,,,
708,2019,69848,,,,,,,
709,2019,31154,2008,16279278.0,3.8,2020,1100000.0,82.34,11707310.37
710,2019,50680,,,,,,,
711,2019,3429,1990,3668000.0,100.0,2040,0.0,50.0,
712,2019,60328,,,,,,,
713,2019,54529,1990,2388260.0,50.0,2025,1194130.0,91.4,
714,2019,60369,,,,,,,
715,2019,832097,,,,,,,
716,2019,43917,2007,5672432.0,40.0,2030,4424.5,9.7,
717,2019,70005,,,,,,,
718,2019,60414,,,,,,,361558.32
719,2019,35475,2005,15793731.0,80.0,2050,5935550.0,,
720,2019,60271,,,,,,,
721,2019,50579,2011,5379024.0,20.0,2030,,,
722,2019,50385,,,,,,,
723,2019,54293,,,,,,,
724,2019,35860,,,,,,,
725,2019,59678,2005,1018668.0,28.0,2050,733441.08,62.0,524034.0
726,2019,50394,,,,,,,
727,2019,840601,,,,,,,
728,2019,31117,1990,27051617.0,80.0,2050,9468065.95,70.4,
729,2019,73668,,,,,,,45291.33
730,2019,60391,,,,,,,2785.0
731,2019,59681,,,,,,,
732,2019,46514,2004,1304.0,45.0,2020,717.2,58.0,509133.0
733,2019,50387,,,,,,,
734,2019,54337,,,,,,,
735,2019,74573,2007,,20.0,2020,,,
736,2019,840529,2015,,,2030,,,
737,2019,55466,,,,,,,
738,2019,60409,,,,,,,
739,2019,50559,,,,,,,
740,2019,55419,,,,,,,
741,2019,834251,,,,,,,0.0
742,2019,60320,,,,,,,
743,2019,54488,1991,494000.0,80.0,2030,98800.0,82.0,350478.0
744,2019,839965,,,,,,,
745,2019,31115,,,,,,,
746,2019,54290,,,,,,,
747,2019,55615,,,,,,,
748,2019,60318,,,,,,,
749,2019,55381,,,,,,,
750,2019,36242,,,,,,,
751,2019,36041,,,,,,,
752,2019,834287,,,,,,,
753,2019,74386,,,,,,,
754,2019,35907,,,,,,,
755,2019,54402,1990,1174000.0,80.0,2025,235000.0,41.0,690300.0
756,2019,826103,,,,,,,
757,2019,50378,,,,,,,988330.85
758,2019,58511,2005,693426.0,15.0,2020,589412.0,,
759,2019,839667,,,,,,,
760,2019,60114,1999,,20.0,2020,,,
761,2019,36501,2009,963239.0,20.0,2020,770591.2,10.33,
762,2019,50543,2016,6775289.0,80.0,2050,1365616.5,0.0,
763,2019,831152,,,,,,,
764,2019,826182,,,,,,,
765,2019,60284,,,,,,,
766,2019,50565,,,,,,,
767,2019,50395,,,,,,,
768,2019,43930,1990,2499000.0,50.0,2030,1749300.0,33.0,
769,2019,60218,,,,,,,176812.0
770,2019,42388,,,,,,,
771,2019,49360,,,,,,,
772,2019,31111,2000,62200000.0,30.0,2050,43700000.0,,
773,2019,35904,,,,,,,
774,2019,59160,,,,,,,
775,2019,59535,2018,244217.01,25.0,2025,183162.7575,0.0,
776,2019,74453,,,,,,,37877.0
777,2019,840927,,,,,,,
778,2019,54108,,,,,,,
779,2019,831823,,,,,,,
780,2019,68290,2014,25956.0,95.0,2040,1298.0,,
781,2019,60292,,,,,,,
782,2019,74423,2005,400000.0,15.0,2015,340000.0,,
783,2019,50386,,,,,,,
784,2019,69840,,,,,,,
785,2019,840161,,,,,,,
786,2019,43909,2007,7408100.0,90.0,2018,740810.0,6.0,
787,2019,31181,2006,21000000.0,80.0,2050,4200000.0,,
788,2019,58482,,,,,,,2185946.0
789,2019,832610,2005,2808499.0,26.0,2025,2078289.26,100.0,
790,2019,14344,,,,,,,160849.0
791,2019,73725,,,,,,,788012.73
792,2019,69823,,,,,,,
793,2019,826423,,,,,,,
794,2019,49359,,,,,,,
795,2019,834163,2013,20981.66,0.3,2030,29360.2,0.1,
796,2019,834280,,,,,,,66071.74
797,2019,60140,,,,,,,
798,2019,36261,2010,520715.0,40.65,2030,309046.0,6.8,485684.0
799,2019,54493,,,,,,,
800,2019,31090,2006,10535018.0,50.0,2050,5243342.0,60.0,2902489.0
801,2019,54623,,,,,,,
802,2019,35886,1991,4469786.0,40.0,2030,2681872.0,33.0,2299973.0
803,2019,55334,2014,627150.0,20.0,2050,609636.0,3.0,194352.0
804,2019,49172,,,,,,,
805,2019,54459,2015,349000.0,73.0,2050,94230.0,0.0,
806,2019,50391,,,,,,,
807,2019,839673,,,,,,,
808,2019,54098,2009,1096951.0,20.0,2020,877560.8,6.0,
809,2019,74525,,,,,,,
810,2019,73365,2009,3928.0,80.0,2050,,,178413.0
811,2019,31185,,,,,,,8843905.0
812,2019,73754,,,,,,,
813,2019,50389,,,,,,,
814,2019,834300,,,,,,,
815,2019,63999,,,,,,,312054.21
816,2019,54706,,,,,,,
817,2019,54696,2019,,80.0,,,,
818,2019,73252,,,,,,,
819,2019,50364,,,,,,,
820,2019,50792,1990,99310.0,50.0,2030,71918.0,51.4,
821,2019,35862,2012,10500000.0,30.0,2025,7350000.0,,
822,2019,58424,,,,,,,
823,2019,58590,,,,,,,
824,2019,58597,,,,,,,
825,2019,841269,,,,,,,851993.6
826,2019,46470,2006,841068.0,25.7,2020,624913.524,52.0,527184.0
827,2019,54342,,,,,,,
828,2019,834229,,,,,,,446389.91
829,2019,50671,,,,,,,195597.0
830,2019,2185,2005,2381745.0,40.0,2020,1424760.0,39.1,1108722.31
831,2019,840521,,,,,,,
832,2019,54345,,,,,,,
833,2019,73712,,,,,,,87536.69
834,2019,31110,2003,12905.0,40.0,2030,7743.0,,
835,2019,60332,,,,,,,
836,2019,826209,,,,,,,
837,2019,49335,2014,13461292.0,70.0,2050,4038388.0,9.6,
838,2019,839648,,,,,,,
839,2019,74466,,,,,,,
840,2019,59697,,,,,,,
841,2019,839970,,,,,,,
842,2019,50370,,,,,,,
843,2019,839964,,,,,,,
844,2019,50368,,,,,,,
845,2019,826167,,,,,,,
846,2019,31164,,,,,,,
847,2019,53829,,,,,,,
848,2019,59537,,,,,,,
849,2019,826431,,,,,,,
850,2019,63616,,,,,,,
851,2019,60385,,,,,,,
852,2019,834161,,,,,,,
853,2019,73694,,,,,,,590011.86
854,2019,59707,2010,443693.0,80.0,2050,88738.6,,532475.0
855,2019,51075,,,,,,,
856,2019,831617,,,,,,,
857,2019,35870,,,,,,,
858,2019,58670,,,,,,,
859,2019,840244,,,,,,,
860,2019,35393,2005,8081418.0,80.0,2050,1616283.0,19.0,2619715.62
861,2019,73302,,,,,,,
862,2019,60419,,,,,,,
863,2019,831926,,,,,,,
864,2019,35893,,,,,,,
865,2019,37261,,,,,,,
866,2019,839980,,,,,,,1531934.8
867,2019,50541,2005,5322016.0,40.0,2025,3193210.0,42.46,
868,2019,53254,,,,,,,551821.0
869,2019,31109,,,,,,,993193.74
870,2019,60898,,,,,,,
871,2019,50390,,,,,,,
872,2019,74563,,,,,,,
873,2019,73724,,,,,,,25160.43
874,2019,13067,2014,3606199.0,50.0,2030,,3.0,
875,2019,73707,,,,,,,107680.9
876,2019,58796,,,,,,,
877,2019,1184,2010,14500000.0,90.0,2050,1450000.0,14.0,
878,2019,826407,,,,,,,
879,2019,840941,,,,,,,
880,2019,840492,,,,,,,
881,2019,62180,,,,,,,
882,2019,54588,,,,,,,
883,2019,63543,2010,243000.0,70.0,2050,72900.0,25.0,181707.0
884,2019,44185,2005,5850358.0,25.0,2030,4387768.0,8.0,
885,2019,36158,2005,2913413.0,25.0,2020,2185059.75,12.5,2559322.0
886,2019,74673,2014,8494736.0,20.0,2020,7127404.0,96.0,21869346.0
887,2019,63601,,,,,,,
888,2019,50371,,,,,,,
889,2019,59165,2007,499740.0,40.0,2020,299844.0,40.0,234852.0
890,2019,834413,,,,,,,
891,2019,60387,,,,,,,
892,2019,3422,1990,45050000.0,60.0,2050,27030000.0,31.0,19347319.0
893,2019,840042,,,,,,,
894,2019,833379,,,,,,,
895,2019,73645,,,,,,,
896,2019,60399,,,,,,,
897,2019,50377,,,,,,,
898,2019,60379,,,,,,,
899,2019,827047,,,,,,,
900,2019,839954,2018,1103438.0,0.25,2030,827578.5,0.0,1103438.0
901,2019,43932,2016,9921457.0,50.0,2050,7630790.0,0.0,
902,2019,73665,,,,,,,25758.13
903,2019,58543,,,,,,,36.0
904,2019,50562,2005,1339993.0,15.0,2020,,45.0,
905,2019,826212,,,,,,,
906,2019,839666,2017,314.83,10.0,2023,280.0,10.0,
907,2019,54386,2005,19510422.0,50.0,2050,9755211.0,27.7,7684831.0
908,2019,54124,2005,1660000.0,100.0,2045,0.0,13.0,1440313.0
909,2019,840514,,,,,,,
910,2019,74560,2009,29030.0,80.0,2040,,,
911,2019,834120,,,,,,,
912,2019,840371,1990,329876.0,40.0,2020,197926.0,66.0,242269.0
913,2019,74568,,,,,,,
914,2019,52897,2004,380471.0,80.0,2050,76094.2,65.84,
915,2019,55380,,,,,,,
916,2019,60125,,,,,,,
917,2019,49347,,,,,,,
918,2019,51079,,,,,,,
919,2019,59572,2007,574835.0,100.0,2050,0.0,14.0,
920,2019,59168,,,,,,,
921,2019,35873,,,,,,,
922,2019,58671,2008,415408.0,75.0,2045,249245.0,94.0,217815.0
923,2019,838939,,,,,,,
924,2019,840507,,,,,,,
925,2019,73650,,,,,,,41546.22
926,2019,840313,,,,,,,
927,2019,54364,2010,25427.0,70.0,2030,7628.1,36.0,
928,2019,31146,2016,4.89,64.0,2050,0.0,,
929,2019,59642,,,,,,,
930,2019,60394,,,,,,,
931,2019,58797,2010,165372.0,40.0,2030,99223.0,43.0,
932,2019,832274,,,,,,,
933,2019,54078,2005,1154088.0,20.0,2020,922109.0,7.6,
934,2019,35903,,,,,,,
935,2019,58609,,,,,,,
936,2019,834277,,,,,,,648432.87
937,2019,54611,,,,,,,
938,2019,60413,,,,,,,
939,2019,73293,,,,,,,
940,2019,59163,,,,,,,
941,2019,74558,2014,1360000.0,80.0,2050,272000.0,0.0,
942,2019,54518,1990,1042000.0,100.0,2035,0.0,48.0,542765.0
943,2019,834246,,,,,,,
944,2019,73679,,,,,,,22933.25
945,2019,60276,,,,,,,
946,2019,63862,,,,,,,
947,2019,834374,,,,,,,
948,2019,50381,,,,,,,
949,2019,54613,,,,,,,
950,2019,840037,,,,,,,27470.46
951,2019,52894,,,,,,,
952,2019,35878,2005,4235545.0,83.0,2050,720042.65,39.0,
953,2019,73713,,,,,,,591101.55
954,2019,31175,2004,7400000.0,100.0,2050,0.0,25.0,
955,2019,36043,,,,,,,
956,2019,826239,,,,,,,
957,2019,832838,,,,,,,
958,2019,36263,,,,,,,
959,2019,73759,,,,,,,
960,2019,54289,,,,,,,
961,2019,10894,1990,36200000.0,73.0,2035,9774000.0,49.0,17416935.0
962,2019,834301,,,,,,,161022.85
963,2019,73295,,,,,,,
964,2019,31149,2014,4537406.78,40.0,2030,2722444.068,20.97,
965,2019,60340,,,,,,,
966,2019,840253,,,,,,,
967,2019,68383,,,,,,,
968,2019,73749,,,,,,,
969,2019,35867,2016,15510627.6,100.0,2050,0.0,13.0,
970,2019,43920,,,,,,,2012758.0
971,2019,60223,,,,,,,
972,2019,54084,2016,1156679.0,100.0,2050,,0.0,
973,2019,826208,,,,,,,
974,2019,832078,,,,,,,
975,2019,60638,,,,,,,
976,2019,54110,1990,1386640.0,80.0,2030,289837.0,31.0,731059.0
977,2019,50549,,,,,,,
978,2019,50362,,,,,,,
979,2019,31168,,,,,,,
980,2019,840693,,,,,,,
981,2019,50382,2014,3262192.0,25.0,2030,9786576.0,,
982,2019,35993,2030,65.0,50.0,2050,32.5,,
983,2019,57347,2013,4632700.0,30.0,2030,3242890.0,0.0,
984,2019,74575,2017,7451000.0,50.0,2030,3725500.0,0.0,
985,2019,73801,,,,,,,35061.47
986,2019,36493,,,,,,,
987,2019,54092,2000,2196556.0,90.0,2050,219655.0,2.0,967069.0
988,2019,31151,,,,,,,
989,2019,44076,2014,13209619.0,40.0,2030,10909899.0,0.0,8352875.0
990,2019,58668,2017,801044.0,100.0,2050,0.0,0.0,0.0
991,2019,32480,2007,1148108.0,35.0,2020,746270.2,42.03,240706.57
992,2019,74495,,,,,,,
993,2019,840937,,,,,,,
994,2019,54060,,,,,,,
995,2019,834058,,,,,,,
996,2019,68296,,,,,,,
997,2019,60393,,,,,,,
998,2019,60295,,,,,,,
999,2019,60273,,,,,,,
1000,2019,43934,,,,,,,
1001,2019,73709,,,,,,,0.0
1002,2019,59158,,,,,,,
1003,2019,31155,,,,,,,
1004,2019,14088,1990,1200000.0,95.0,2030,60000.0,11.0,791886.0
1005,2019,49339,,,,,,,
1006,2019,60003,,,,,,,
1007,2019,73788,,,,,,,196305.01
1008,2019,826210,,,,,,,
1009,2019,42120,,,,,,,
1010,2019,60603,2002,7503.0,2.0,2012,7352.94,,
1011,2019,74631,,,,,,,
1012,2019,36032,,,,,,,
1013,2019,60408,,,,,,,
1014,2019,43905,2016,17350376.0,41.0,2030,10236721.84,0.0,
1015,2019,54491,2002,2074006.0,75.0,2050,518501.5,0.0,
1016,2019,60258,,,,,,,
1017,2019,50358,2010,4456893.0,1.0,2016,4412324.07,,
1018,2019,54030,,,,,,,
1019,2019,73676,,,,,,,
1020,2019,70261,,,,,,,
1021,2019,69850,,,,,,,
1022,2019,36274,2005,2299923.1,21.3,2020,1810039.4797,17.8,
1023,2019,834261,,,,,,,
1024,2019,840938,,,,,,,
1025,2019,19233,,,,,,,
1026,2019,43928,1990,3196800.0,90.0,2045,294000.0,13.0,1899700.0
1027,2019,35449,2005,5.5,82.0,2050,3.96,73.0,
1028,2019,55372,,,,,,,
1029,2019,43910,2013,10781451.0,20.0,2020,8625161.0,0.0,
1030,2019,58413,,,,,,,
1031,2019,54389,2005,18581188.0,50.0,2050,9290594.0,0.0,
1032,2019,60433,,,,,,,
1033,2019,834153,,,,,,,
1034,2019,55801,2008,5513890.0,100.0,2050,0.0,5.0,
1035,2019,834313,,,,,,,
1036,2019,54620,,,,,,,616805.03
1037,2019,839665,2013,4105900.0,8.0,2040,5800000.0,0.0,3870274.0
1038,2019,832909,2007,35583.0,34.0,2020,23485.0,,
1039,2019,31153,1990,29300000.0,95.0,2050,4395000.0,87.0,9792000.0
1040,2019,834362,1990,278669.0,40.0,2020,167201.0,31.75,214909.0
1041,2019,73706,2005,367294.0,25.0,2020,275470.5,14.0,
1042,2019,839670,,,,,,,
1043,2019,54619,,,,,,,
1044,2019,54102,,,,,,,
1045,2019,59531,1990,747350.0,0.0,2020,747350.0,100.0,
1046,2019,54352,2017,1227017.81,10.0,2027,,,362253.08
1047,2019,831618,2018,783501.92,23.0,2035,1553.86,4.4,
1048,2019,839966,,,,,,,
1049,2019,35854,2008,1171498.0,40.0,2030,702899.0,42.0,
1050,2019,36045,,,,,,,
1051,2019,60356,,,,,,,
1052,2019,841003,,,,,,,
1053,2019,31163,,,,,,,35467899.0
1054,2019,31446,2005,13073632.0,50.0,2050,9805224.0,29.37,
1055,2019,54113,2016,826270.21,80.0,2050,702329.6785,0.0,788112.19
1056,2019,832000,,,,,,,
1057,2019,841326,,,,,,,153742.2
1058,2019,53921,2015,3667560.36,100.0,2060,0.0,0.0,
1059,2019,59971,,,,,,,
1060,2019,74534,2005,11752837.0,26.0,2025,8697099.0,12.0,
1061,2019,73693,,,,,,,392634.89
1062,2019,31166,,,,,,,
1063,2019,54656,,,,,,,
1064,2019,58795,,,,,,,
1065,2019,54654,,,,,,,
1066,2019,50220,2012,2352000.0,75.0,2050,588000.0,7.0,2059572.0
1067,2019,54606,,,,,,,
1068,2019,36039,,,,,,,
1069,2019,54625,,,,,,,
1070,2019,54478,,,,,,,
1071,2019,69985,,,,,,,
1072,2019,50396,,,,,,,
1073,2019,58627,,,,,,,
1074,2019,54088,2013,5013.88,45.0,2050,257857.6,21.0,4544.88
1075,2019,834255,,,,,,,606275.11
1076,2019,36285,2005,2519980.0,80.0,2050,503996.0,95.0,
1077,2019,58626,1990,,,,,,
1078,2019,43970,,,,,,,
1079,2019,54329,2015,2678.46,35.0,2030,6405.08,35.0,
1080,2019,834259,,,,,,,433496.42
1081,2019,50550,,,,,,,
1082,2019,54070,2010,1835139.0,99.9,2100,530633.0,4.5,
1083,2019,35898,1990,21200000.0,97.3,2038,572400.0,42.5,8920961.92
1084,2019,55800,2012,1462236.0,47.0,2050,774985.08,,
1085,2019,43940,1990,1460000.0,40.0,2020,876000.0,36.0,744832.0
1086,2019,834289,,,,,,,1142897.32
1087,2019,826396,2008,1076991.0,20.0,2020,861592.8,30.0,
1088,2019,57616,2007,402364.0,20.0,2030,321891.8,,
1089,2019,50359,2017,5012133.0,20.0,2020,4009706.4,53.0,2726988.0
1090,2019,36426,,,,,,,1870000.0
1091,2019,54360,,,,,,,
1092,2019,31148,1990,3810000.0,95.0,2050,190500.0,,
1093,2019,36159,,,,,,,
1094,2019,834226,,,,,,,73078.5
1095,2019,60375,,,,,,,
1096,2019,827048,2005,,,,,,61674200.0
1097,2019,54647,,,,,,,
1098,2019,60577,2010,547000.0,100.0,2030,,,
1099,2019,60371,,,,,,,
1100,2019,14874,1990,9037646.0,80.0,2050,1807529.0,15.0,
1101,2019,840925,,,,,,,
1102,2019,74594,2015,904666.0,50.0,2035,452333.0,0.2,445882.3
1103,2019,36494,2005,2094868.0,52.0,2030,1005536.64,78.0,
1104,2019,62864,,,,,,,
1105,2019,54699,,,,,,,
1106,2019,55379,,,,,,,731417.47
1107,2019,59580,,,,,,,
1108,2019,62868,,,,,,,
1109,2019,54291,,,,,,,
1110,2019,54692,,,,,,,
1111,2019,54318,,,,,,,
1112,2019,60349,,,,,,,
1113,2019,60126,,,,,,,
1114,2019,68378,,,,,,,
1115,2019,73652,,,,,,,19010.08
1116,2019,73722,,,,,,,
1117,2019,59151,,,,,,,
1118,2019,50361,,,,,,,
1119,2019,839963,,,,,,,
1120,2019,58569,,,,,,,
1121,2019,50566,2015,5178548.0,80.0,2050,1035709.6,,
1122,2019,839971,,,,,,,612548.92
1123,2019,69834,,,,,,,365148.77
1124,2019,35879,2006,5181707.0,80.0,2050,4404451.0,57.0,
1125,2019,826429,,,,,,,
1126,2019,60233,,,,,,,
1127,2019,59545,2011,459309.0,45.0,2030,252620.0,21.0,
1128,2019,834403,,,,,,,220086.55
1129,2019,839668,,,,,,,
1130,2019,59298,,,,,,,
1131,2019,50557,,,,,,,
1132,2019,31177,2009,4943904.0,80.0,2040,990974.0,4.87,
1133,2019,54510,1990,390887.0,50.0,2045,195443.5,0.0,256449.0
1134,2019,54119,1990,765920.0,80.0,2030,153184.0,56.5,10855.0
1135,2019,55371,,,,,,,
1136,2019,31114,2006,5815523.0,70.0,2030,1744656.9,31.0,
1137,2019,51374,,,,,,,
1138,2019,834405,,,,,,,10246.85
1139,2019,35885,,,,,,,
1140,2019,55799,,,,,,,
1141,2019,834260,,,,,,,3009734.85
1142,2019,35274,,,,,,,
1143,2019,36254,2005,3467367.0,20.0,2016,3103390.0,,
1144,2019,53959,2010,1443934.0,80.0,2050,288786.8,3.4,
1145,2019,60400,,,,,,,
1146,2019,54650,,,,,,,
1147,2019,35857,2006,9300000.0,84.0,2050,8556000.0,44.0,
1148,2019,54395,2005,30840051.55,50.0,2050,15420025.775,,
1149,2019,36477,,,,,,,
1150,2019,43975,,,,,,,
1151,2019,43914,2015,2015.0,85.0,2050,6262790.4,0.0,
1152,2019,841154,,,,,,,
1153,2019,50578,,,,,,,
1154,2019,35880,,,,,,,
1155,2019,59956,,,,,,,479731.0
1156,2019,63615,,,,,,,
1157,2019,31172,,,,,,,21340045.82
1158,2019,31108,2014,33414134.0,75.0,2050,8353533.5,0.0,
1159,2019,839931,2018,424089.0,0.45,2050,233249.0,0.0,424089.0
1160,2019,60307,,,,,,,
1161,2019,831674,,,,,,,
1162,2019,35883,2014,6900000.0,83.0,2050,1200000.0,21.0,4665342.0
1163,2019,54662,,,,,,,
1164,2019,36470,2007,262091.0,20.0,2020,209672.8,7.0,
1165,2019,42123,,,,,,,
1166,2019,60546,,,,,,,
1167,2019,35910,,,,,,,
1168,2019,59633,1990,427280.0,80.0,2050,85456.0,47.5,
1169,2019,50574,,,,,,,
1170,2019,74508,,,,,,,
1171,2019,50681,,,,,,,
1172,2019,73413,2016,17605000.0,50.0,2030,8802500.0,28.0,
1173,2019,36004,,,,,,,
1174,2019,74677,,,,,,,
1175,2019,73752,,,,,,,
1176,2019,50375,2010,14330260.0,1.0,2016,14330260.0,0.0,
1177,2019,840425,,,,,,,636531.0
1178,2019,50572,,,,,,,3170866.16
1179,2019,839650,,,,,,,
1180,2019,54612,,,,,,,
1181,2019,35884,2010,12984993.0,50.0,2035,6492496.5,,
1182,2019,54305,2015,1887685.0,14.0,2022,263824.0,,
1183,2019,74488,,,,,,,
1184,2019,54085,,,,,,,2063648.0
1185,2019,50380,,,,,,,
1186,2019,36522,2010,151401.0,20.0,2020,121089.0,9.2,137456.0
1187,2019,35853,2007,9226075.0,25.0,2020,6919556.0,50.4,4019044.0
1188,2019,31170,,,,,,,
1189,2019,31112,2005,67326998.0,20.0,2030,53861598.4,13.23,
1190,2019,826237,,,,,,,
1191,2019,60599,2011,385000.0,81.0,2050,74000.0,0.0,
1192,2019,31182,1990,7957691.26,40.0,2025,5968268.445,89.0,
1193,2019,31150,,,,,,,
1194,2019,840349,,,,,,,
1195,2019,54608,2012,943467.0,20.0,2032,,,
1196,2019,54703,,,,,,,
1197,2019,54538,,,,,,,536875.86
1198,2019,840924,,,,,,,
1199,2019,50401,,,,,,,
1200,2019,54026,2000,1658939.0,80.0,2050,1327151.0,82.0,
1201,2019,60104,,,,,,,
1202,2019,49343,,,,,,,
1203,2019,31157,,,,,,,
1204,2019,63941,2010,22177409.0,80.0,2050,4435481.8,0.0,
1205,2019,2430,,,,,,,359615.0
1206,2019,49334,2008,3377333.0,80.0,2050,638793.0,45.75,
1207,2019,73684,,,,,,,0.0
1208,2019,834083,,,,,,,
1209,2019,54603,,,,,,,
1210,2019,826427,,,,,,,
1211,2019,73695,,,,,,,8459.14
1212,2019,54678,,,,,,,
1213,2019,59562,2007,539855.0,100.0,2040,0.0,,
1214,2019,59967,,,,,,,
1215,2019,60267,,,,,,,
1216,2019,54114,2012,1385546.0,50.0,2050,692773.0,,
1217,2019,60621,,,,,,,
1218,2019,56276,2005,20200278.72,25.0,2030,15609669.85,5.0,
1219,2019,31169,,,,,,,
1220,2019,54617,,,,,,,
1221,2019,840024,,,,,,,
1222,2019,840269,2007,4411407.0,80.0,2050,905000.0,0.0,
1223,2019,31171,1990,,40.0,2030,,,
1224,2019,60142,,,,,,,
1225,2019,31052,2005,2682000.0,26.0,2020,1984680.0,46.0,
1226,2019,840033,,,,,,,
1227,2019,50392,,,,,,,
1228,2019,50560,2005,3542130.0,36.0,2020,2266963.2,63.0,2678259.0
1229,2019,60053,,,,,,,
1230,2019,73240,,,,,,,
1231,2019,43911,2012,6907000.0,96.0,2050,6078000.0,14.0,5799445.0
1232,2019,60274,,,,,,,
1233,2019,57509,,,,,,,
1234,2019,31051,2005,2118000.0,27.5,2020,1535550.0,35.4,
1235,2019,58513,2015,465879.0,100.0,2050,0.0,,220603.32
1236,2019,50357,,,,,,,
1237,2019,840916,,,,,,,
1238,2019,58310,,,,,,,
1239,2019,31179,1990,23700000.0,49.0,2030,12087000.0,0.0,16602854.0
1240,2019,55331,,,,,,,
1241,2019,50558,1990,3440000.0,80.0,2050,690000.0,8.0,2796000.0
1242,2019,73686,,,,,,,2926.91
1243,2019,36282,,,,,,,
1244,2019,50203,2015,6408191.0,40.0,2030,3844914.6,,
1245,2019,841098,,,,,,,
1246,2019,35877,2003,5987870.0,80.0,2050,4790296.0,5.0,5010418.0
1247,2019,73701,,,,,,,21430.53
1248,2019,11315,2005,3269000.0,100.0,2038,0.6,40.0,1967000.0
1249,2019,36036,,,,,,,
1250,2019,840419,2016,2016.0,20.0,2030,,,
1251,2019,58346,,,,,,,
1252,2019,36469,,,,,,,
1253,2019,69822,1990,619057.0,85.0,2045,92859.0,87.0,400247.0
1254,2019,36262,,,,,,,
1255,2019,840490,,,,,,,
1256,2019,54667,,,,,,,
1257,2019,55373,,,,,,,
1258,2019,54457,,,,,,,
1259,2019,840370,,,,,,,124766.91
1260,2019,54048,2005,4201700.0,80.0,2050,825636.39,11.0,2653938.0
1261,2019,31187,2005,49445000.0,40.0,2050,30000000.0,5.6,
1262,2019,62791,,,,,,,
1263,2019,60278,,,,,,,
1264,2019,16581,2008,3708000.0,58.0,2050,1557360.0,6.0,
1265,2019,55415,,,,,,,
1266,2019,50679,2008,347987.0,20.0,2020,,,
1267,2019,840039,,,,,,,12128.27
1268,2019,43912,2005,18263000.0,35.0,2035,11871000.0,6.0,
1269,2019,60656,2005,48820.0,80.0,2050,9969.0,55.0,
1270,2019,834323,2015,784531.06,5.0,2021,39226.55,10.0,42317.35
1271,2019,54327,,,,,,,
1272,2019,840919,,,,,,,
1273,2019,54057,,,,,,,777350.0
1274,2019,61427,,,,,,,
1275,2019,834238,,,,,,,16977.94
1276,2019,60073,,,,,,,
1277,2019,60050,,,,,,,
1278,2019,54390,,,,,,,
1279,2019,54641,,,,,,,
1280,2019,54517,,,,,,,455709.0
1281,2019,54348,,,,,,,
1282,2019,8242,1990,3514000.0,80.0,2035,702800.0,27.0,811733.0
1283,2019,54498,2007,2141277.0,20.0,2020,1713021.6,21.32,
1284,2019,74401,2012,483773.0,41.0,2030,430541.0,25.0,
1285,2019,73879,2008,596085.0,35.0,2020,387455.25,29.0,
1286,2019,59644,2019,,28.0,2025,,,
1287,2019,54605,,,,,,,
1288,2019,73803,,,,,,,36356.25
1289,2019,840036,,,,,,,
1290,2019,49327,2010,2652837.0,100.0,2050,0.0,3.65,1941206.0
1291,2019,74427,2003,865975.0,100.0,2035,0.0,0.0,
1292,2019,52638,,,,,,,
1293,2019,50673,,,,,,,
1294,2019,35874,2012,17014987.0,30.0,2025,11910490.9,6.33,
1295,2019,834370,,,,,,,
1296,2019,70017,,,,,,,
1297,2019,60127,,,,,,,
1298,2019,60216,1993,459189.0,72.0,2030,132016.8375,42.0,248337.0
1299,2019,73802,,,,,,,103588.4
1300,2019,59536,2010,4600000.0,80.0,2050,920000.0,5.2,
1301,2019,840034,,,,,,,661493.01
1302,2019,50672,2006,337112.0,21.0,2020,,,
1303,2019,50555,2006,23087326.0,50.0,2050,20778593.4,84.3,
1304,2019,50551,,,,,,,2216935.0
1305,2019,840918,,,,,,,
1306,2019,62817,,,,,,,
1307,2019,59969,,,,,,,
1308,2019,841155,,,,,,,
1309,2019,60108,,,,,,,
1310,2019,60392,,,,,,,
1311,2019,68337,,,,,,,
1312,2019,60229,,,,,,,1314864.0
1313,2019,36223,,,,,,,
1314,2019,54274,,,,,,,
1315,2019,54349,,,,,,,
1316,2019,73637,,,,,,,
1317,2019,59552,,,,,,,
1318,2019,73806,,,,,,,26041.42
1319,2019,54082,2014,1310000.0,80.0,2050,262000.0,,
1320,2019,54116,2003,1266234.0,50.0,2030,633117.0,27.0,
1321,2019,31156,,,,,,,
1322,2019,10495,2020,22289335.0,80.0,2050,4457867.0,0.0,9832744.0
1323,2019,54681,,,,,,,
1324,2019,834219,,,,,,,597072.53
1325,2019,60264,,,,,,,
1326,2019,60007,2010,1935342.31,10.0,2020,,,
1327,2019,59563,,,,,,,92150.0
1328,2019,840931,,,,,,,
1329,2019,74418,2005,793077.0,80.0,2050,158615.4,0.0,
1330,2019,49330,2000,11300000.0,30.0,2020,7910000.0,70.0,8752052.0
1331,2019,54513,1990,1446000.0,90.0,2050,145000.0,53.0,434888.0
1332,2019,32550,2005,13250423.0,80.0,2050,7287732.65,13.0,
1333,2019,43923,,,,,,,
1334,2019,54687,,,,,,,
1335,2019,36002,,,,,,,
1336,2019,46473,,,,,,,
1337,2019,54361,2014,3496000.0,30.0,2030,2447000.0,8.0,
1338,2019,840943,,,,,,,
1339,2019,50211,,,,,,,
1340,2019,35865,2014,5139514.0,20.0,2030,4111611.2,4.0,
1341,2019,54347,,,,,,,
1342,2019,35913,,,,,,,
1343,2019,36410,2016,17191915.0,71.0,2050,8479086.0,,10895757.0
1344,2019,54521,2017,1943330.0,100.0,2050,0.0,0.0,
1345,2019,73680,,,,,,,85990.84
1346,2019,60213,,,,,,,
1347,2019,840018,,,,,,,
1348,2019,35905,2015,19300000.0,50.0,2030,9650000.0,18.0,
1349,2019,54029,2005,2346251.0,30.0,2030,1642375.7,,
1350,2019,61467,,,,,,,
1351,2019,69824,,,,,,,
1352,2019,50388,,,,,,,
1353,2019,60588,,,,,,,
1354,2019,834202,,,,,,,
1355,2019,74678,,,,,,,
1356,2019,831999,,,,,,,
1357,2019,31173,2005,7418000.0,45.0,2050,5934400.0,74.0,
1358,2019,73750,,,,,,,
1359,2019,31180,,,,,,,
1360,2019,59669,2007,224212.0,80.0,2050,44842.4,,205886.0
1361,2019,20113,2011,2765000.0,50.0,2050,1865000.0,9.0,
1362,2019,1093,,,,,,,
1363,2019,54391,,,,,,,
1364,2019,73666,2010,26918798.0,45.0,2050,14805338.9,9.96,16197834.0
1365,2019,58357,2008,583213.0,25.0,2035,437409.75,31.0,
1366,2019,60633,,,,,,,
1367,2019,35872,,,,,,,2916963.0
1368,2019,73690,,,,,,,48040.76
1369,2019,54100,,,,,,,
1370,2019,59996,2010,421884.0,25.0,2030,316413.0,,
1371,2019,73648,,,,,,,90391.06
1372,2019,73530,2012,520023.0,100.0,2050,0.0,9.0,287962.0
1373,2019,50650,,,,,,,80372.0
1374,2019,31158,,,,,,,
1375,2019,44077,,,,,,,3055230.86
1376,2019,37241,2000,728425.0,80.0,2050,145685.0,26.0,
1377,2019,59180,2010,362234.0,50.0,2025,181117.0,,
1378,2019,37038,,,,,,,
1379,2019,54306,,,,,,,
1380,2019,60272,,,,,,,
1381,2019,54709,,,,,,,
1382,2019,839972,,,,,,,
1383,2019,60410,2017,222008.13,30.0,2030,155405.691,5.0,
1384,2019,50571,2007,412875.0,80.0,2050,82575.0,11.0,262045.0
1385,2019,826380,,,,,,,
1386,2019,43969,,,,,,,
1387,2019,61790,2005,215977.0,40.0,2030,66828.1,85.77,95497.78
1388,2019,55324,2008,729469.0,20.0,2020,583575.2,100.0,
1389,2019,68373,,,,,,,
1390,2019,50674,2000,495030.0,41.6,2030,289097.52,,
1391,2019,59657,2013,,,2050,0.0,,
1392,2019,43907,2010,16408065.0,100.0,2050,0.0,,
1393,2019,73671,,,,,,,308774.07
1394,2019,50665,,,,,,,
1395,2019,35858,,,,,,,
1396,2019,53860,,,,,,,
1397,2019,35863,2015,22542921.0,80.0,2050,4508584.2,,
1398,2019,73787,,,,,,,446872.6
1399,2019,60416,,,,,,,
1400,2019,834278,,,,,,,
1401,2019,69968,,,,,,,
1402,2019,69999,,,,,,,311.86
1403,2019,35915,,,,,,,
1404,2019,31009,,,,,,,
1405,2019,54367,,,,,,,
1406,2019,43921,2008,2796050.0,40.0,2030,1631536.0,51.6,
1407,2019,59538,1990,7549508.0,80.0,2050,1509902.0,,7447065.0
1408,2019,834406,,,,,,,
1409,2019,50154,1990,1236200.0,80.0,2029,247240.0,42.0,363926.0
1410,2019,49344,,,,,,,
1411,2019,54066,2005,2472391.0,80.0,2050,0.0,70.0,950705.52
1412,2019,58530,2010,,100.0,2050,,,
1413,2019,68385,,,,,,,
1414,2019,54651,,,,,,,
1415,2019,54409,1990,1060217.0,100.0,2030,0.0,0.0,878000.0
1416,2019,31165,2010,1225000.0,95.0,2050,62000.0,,
1417,2019,834347,,,,,,,
1418,2019,58595,,,,,,,
1419,2019,59166,,,,,,,
1420,2019,54075,2007,2447746.0,20.0,2025,1958197.0,12.0,
1421,2019,36491,,,,,,,
1422,2019,840936,,,,,,,
1423,2019,60374,,,,,,,
1424,2019,50544,,,,,,,
1425,2019,49787,,,,,,,
1426,2019,58485,,,,,,,425035.0
1427,2019,35887,,,,,,,
1428,2019,35268,2005,7820179.0,25.0,2050,5865134.25,85.0,
1429,2019,60417,,,,,,,811350.2
1430,2019,54627,,,,,,,
1431,2019,36289,,,,,,,
1432,2019,831620,2019,197030.8,32.0,2035,133980.94,,
1433,2019,840328,,,,,,,
1434,2019,73762,,,,,,,
1435,2019,50383,2012,1061141.0,,2020,1960000.0,,1068820.0
1436,2019,839982,,,,,,,
1437,2019,73663,,,,,,,55148.52
1438,2019,50568,2014,3852171.0,80.0,2050,770434.2,0.0,
1439,2019,62855,2007,267721.0,7.0,2030,249000.0,71.0,
1440,2019,43938,,,,,,,26089109.0
1441,2019,59167,,,,,,,
1442,2019,839967,,,,,,,
1443,2019,54335,,,,,,,1199556.19
1444,2019,61876,,,,,,,
1445,2019,60029,,,,,,,428467.45
1446,2019,50782,,,,,,,
1447,2019,50384,,,,,,,
1448,2019,840935,,,,,,,
1449,2019,826207,,,,,,,1554768.0
1450,2019,54670,,,,,,,
1451,2019,834167,2030,,,,,,
1452,2019,60279,,,,,,,
1453,2019,54277,,,,,,,
1454,2019,58531,2014,651426.0,100.0,2050,0.0,5.3,467600.0
1455,2019,54637,,,,,,,1382392.0
1456,2019,58621,,,,,,,306452.03
1457,2019,826446,,,,,,,
1458,2019,54497,1990,4823886.0,20.0,2020,3859109.0,3.5,
1459,2019,31176,2005,11402180.0,20.0,2020,9121744.0,,14757840.0
1460,2019,43937,2001,1135995.0,80.0,2050,647517.15,70.0,
1461,2019,59124,,,,,,,
1462,2019,60381,,,,,,,
1463,2019,50373,,,,,,,3921114.0
1464,2019,35755,,,,,,,90.0
1465,2019,54356,,,,,,,
1466,2019,831230,,,,,,,
1467,2019,31174,1990,77000000.0,25.0,2020,57750000.0,97.0,
1468,2019,54697,,,,,,,
1469,2019,54037,,,,,,,
1470,2019,831433,,,,,,,
1471,2019,58783,,,,,,,
1472,2019,54388,,,,,,,
1473,2019,31167,,,,,,,
1474,2019,74680,,,,,,,
1475,2019,73715,,,,,,,17709.61
1476,2019,35894,1990,15562000.0,55.0,2030,7002900.0,95.0,
1477,2019,36265,,,,,,,
1478,2019,840917,,,,,,,
1479,2019,73746,,,,,,,
1480,2019,73738,2017,395192.62,17.0,2020,328009.87,,
1481,2019,59653,2005,341262.0,15.0,2020,290072.7,100.0,246824.99
1482,2019,54253,,,,,,,
1483,2019,36512,,,,,,,
1484,2019,54652,,,,,,,
1485,2019,49333,,,,,,,9955664.0
1486,2019,74414,2005,5067000.0,90.0,2050,506700.0,,
1487,2019,50398,,,,,,,
1488,2019,54370,,,,,,,
1489,2019,58489,2012,307342.0,95.0,2050,15367.1,24.0,170031.0
1490,2019,54633,,,,,,,
1491,2019,31055,,,,,,,
1492,2019,35864,,,,,,,
1493,2019,68388,,,,,,,
1494,2019,54683,,,,,,,
1495,2019,60388,,,,,,,
1496,2019,840944,,,,,,,
1497,2019,45219,,,,,,,
1498,2019,58591,2005,3894.0,20.0,2020,3115.2,66.0,
1499,2019,60347,,,,,,,
1500,2019,3417,2005,61062452.0,80.0,2050,36637471.2,42.0,38275608.0
1501,2019,61753,,,,,,,
1502,2020,49335,2014,13461292.0,70.0,2050,4038388.0,9.6,7072772.9
1503,2020,60278,,,,,,,
1504,2020,57509,,,,,,,
1505,2020,60114,1999,,20.0,2020,,,
1506,2020,32550,2005,13250423.0,80.0,2050,7287732.65,13.0,4667359.0
1507,2020,54519,1990,416705.0,80.0,2030,83341.0,82.0,235162.0
1508,2020,35897,,,,,,,2350698.0
1509,2020,68383,,,,,,,
1510,2020,59563,,,,,,,151435.0
1511,2020,31165,2010,1225000.0,95.0,2050,62000.0,,423639.0
1512,2020,49347,,,,,,,
1513,2020,848408,,,,,,,
1514,2020,60271,,,,,,,
1515,2020,54386,2005,19510422.0,50.0,2050,9755211.0,27.7,7258677.0
1516,2020,840018,,,,,,,
1517,2020,845302,,,,,,,
1518,2020,59572,2007,574835.0,100.0,2050,0.0,14.0,304602.49
1519,2020,35859,2010,12910872.0,80.0,2050,7746523.2,7.97,8492078.0
1520,2020,50354,,,,,,,
1521,2020,50674,2000,495030.0,41.6,2030,289097.52,,
1522,2020,31167,,,,,,,
1523,2020,3422,1990,45050000.0,60.0,2050,27030000.0,31.0,20652935.0
1524,2020,60117,2017,660367.0,100.0,2030,0.0,,
1525,2020,49342,2010,1800000.0,40.0,2030,1080000.0,0.0,
1526,2020,31108,2014,33414134.0,75.0,2050,8353533.5,0.0,19811156.0
1527,2020,50154,1990,1236200.0,80.0,2029,247240.0,42.0,411300.0
1528,2020,58310,,,,,,,
1529,2020,845309,,,,,,,
1530,2020,50220,2012,2352000.0,75.0,2050,588000.0,7.0,2012051.0
1531,2020,59165,2007,499740.0,40.0,2020,299844.0,40.0,228362.0
1532,2020,54667,,,,,,,
1533,2020,16581,2008,3708000.0,58.0,2050,1557360.0,6.0,
1534,2020,60400,,,,,,,
1535,2020,31051,2005,2118000.0,27.5,2020,1535550.0,35.4,
1536,2020,35883,2014,6900000.0,83.0,2050,1200000.0,21.0,4665341.0
1537,2020,44299,,,,,,,42046607.0
1538,2020,62855,2007,267721.0,7.0,2030,249000.0,71.0,0.0
1539,2020,43911,2012,6907000.0,96.0,2050,6078000.0,14.0,5799445.0
1540,2020,60656,2005,48820.0,80.0,2050,9969.0,55.0,
1541,2020,54364,2010,25427.0,70.0,2030,7628.1,36.0,
1542,2020,59558,,,,,,,
1543,2020,60369,,,,,,,
1544,2020,31186,,,,,,,
1545,2020,74453,,,,,,,37164.0
1546,2020,848122,,,,,,,
1547,2020,43970,,,,,,,
1548,2020,847922,,,,,,,
1549,2020,55799,,,,,,,
1550,2020,49339,,,,,,,
1551,2020,73765,,,,,,,
1552,2020,60274,,,,,,,
1553,2020,2185,2005,2381745.0,40.0,2020,1424760.0,39.1,1160224.67
1554,2020,31117,1990,27051617.0,80.0,2050,9468065.95,70.4,99924.0
1555,2020,54603,,,,,,,
1556,2020,43930,1990,2499000.0,50.0,2030,1749300.0,33.0,
1557,2020,59653,2005,341262.0,15.0,2020,290072.7,100.0,246824.99
1558,2020,839650,,,,,,,
1559,2020,13113,,,,,,,1119584.19
1560,2020,36036,,,,,,,
1561,2020,31163,,,,,,,35855648.0
1562,2020,59180,2010,362234.0,50.0,2025,181117.0,,
1563,2020,50385,,,,,,,
1564,2020,60546,,,,,,,
1565,2020,50680,,,,,,,61.0
1566,2020,31166,,,,,,,
1567,2020,50650,,,,,,,86436.0
1568,2020,73802,,,,,,,103588.4
1569,2020,848138,,,,,,,
1570,2020,43905,2016,17350376.0,41.0,2030,10236721.84,0.0,17133994.0
1571,2020,50368,,,,,,,
1572,2020,63999,,,,,,,312054.21
1573,2020,31177,2009,4943904.0,80.0,2040,990974.0,4.87,
1574,2020,54697,,,,,,,
1575,2020,832610,2005,2808499.0,26.0,2025,2078289.26,100.0,1777667.0
1576,2020,59167,,,,,,,206.11
1577,2020,60233,,,,,,,
1578,2020,839673,,,,,,,
1579,2020,58595,,,,,,,382671.29
1580,2020,51079,,,,,,,
1581,2020,3429,1990,3668000.0,100.0,2040,0.0,50.0,814553.0
1582,2020,54034,,,,,,,
1583,2020,59678,2005,1018668.0,28.0,2050,733441.08,62.0,524034.0
1584,2020,73530,2012,520023.0,100.0,2050,0.0,9.0,287962.0
1585,2020,36044,,,,,,,
1586,2020,13506,,,,,,,846215.69
1587,2020,36223,,,,,,,
1588,2020,840936,,,,,,,
1589,2020,1850,1990,6874000.0,60.0,2030,2749600.0,38.6,3134377.46
1590,2020,59537,,,,,,,
1591,2020,59631,2005,726528.6,80.0,2050,544896.45,8.0,518175.67
1592,2020,60387,,,,,,,
1593,2020,50792,1990,99310.0,50.0,2030,71918.0,51.4,86506.0
1594,2020,50545,,,,,,,
1595,2020,32480,2007,1148108.0,35.0,2020,746270.2,42.03,240706.57
1596,2020,50381,,,,,,,
1597,2020,58865,,,,,,,153792.0
1598,2020,832274,,,,,,,
1599,2020,35755,,,,,,,
1600,2020,58609,,,,,,,
1601,2020,60318,,,,,,,
1602,2020,841540,2018,11500000.0,85.0,2037,1725000.0,,3030509.13
1603,2020,31112,2005,67326998.0,20.0,2030,53861598.4,13.23,
1604,2020,60307,,,,,,,
1605,2020,54048,2005,4201700.0,80.0,2050,825636.39,11.0,
1606,2020,55371,,,,,,,
1607,2020,44077,,,,,,,3055230.86
1608,2020,50558,1990,3440000.0,80.0,2050,690000.0,8.0,3013000.0
1609,2020,826210,,,,,,,
1610,2020,69848,,,,,,,
1611,2020,50549,,,,,,,
1612,2020,54337,,,,,,,
1613,2020,50794,,,,,,,
1614,2020,826381,,,,,,,
1615,2020,54100,,,,,,,
1616,2020,58395,2009,228820.2,40.0,2030,137292.12,61.75,170335.9
1617,2020,60588,,,,,,,
1618,2020,842160,,,,,,,
1619,2020,73879,2008,596085.0,35.0,2020,387455.25,29.0,
1620,2020,74423,2005,400000.0,15.0,2015,340000.0,,
1621,2020,52897,2004,380471.0,80.0,2050,76094.2,65.84,
1622,2020,50665,,,,,,,
1623,2020,840371,1990,329876.0,40.0,2020,197926.0,66.0,242269.0
1624,2020,35274,,,,,,,
1625,2020,54510,1990,390887.0,50.0,2045,195443.5,0.0,256449.0
1626,2020,35860,,,,,,,
1627,2020,59707,2010,443693.0,80.0,2050,88738.6,,
1628,2020,17411,2005,902.0,100.0,2050,0.0,39.0,
1629,2020,54098,2009,1096951.0,20.0,2020,877560.8,6.0,
1630,2020,50380,,,,,,,
1631,2020,59538,1990,7549508.0,80.0,2050,1509902.0,,7524492.0
1632,2020,54652,,,,,,,
1633,2020,36152,2007,428545.0,20.0,2021,342836.0,18.0,
1634,2020,36282,,,,,,,
1635,2020,31169,,,,,,,
1636,2020,59669,2007,224212.0,80.0,2050,44842.4,,205886.0
1637,2020,49330,2000,11300000.0,30.0,2020,7910000.0,70.0,
1638,2020,59166,,,,,,,
1639,2020,54298,,,,,,,
1640,2020,50555,2006,23087326.0,50.0,2050,20778593.4,84.3,11701626.0
1641,2020,53921,2015,3667560.36,100.0,2060,0.0,0.0,
1642,2020,58671,2008,415408.0,75.0,2045,249245.0,94.0,158995.0
1643,2020,54409,1990,1060217.0,100.0,2030,0.0,0.0,882000.0
1644,2020,68378,,,,,,,
1645,2020,848404,,,,,,,
1646,2020,60374,,,,,,,
1647,2020,31172,,,,,,,22473254.86
1648,2020,43938,,,,,,,26362398.0
1649,2020,50394,,,,,,,
1650,2020,58796,,,,,,,
1651,2020,826211,,,,,,,
1652,2020,44185,2005,5850358.0,25.0,2030,4387768.0,8.0,3581991.32
1653,2020,841964,2016,460733.0,45.0,2055,253403.15,0.0,458941.0
1654,2020,31156,,,,,,,
1655,2020,826238,,,,,,,
1656,2020,35848,2007,2988756.0,20.0,2030,2391004.8,1.38,
1657,2020,840036,,,,,,,213237.03
1658,2020,60268,,,,,,,
1659,2020,43934,,,,,,,
1660,2020,54111,2005,1285168.0,80.0,2050,925320.96,98.0,
1661,2020,54459,2015,349000.0,73.0,2050,94230.0,0.0,524194.0
1662,2020,73671,,,,,,,308774.07
1663,2020,55334,2014,627150.0,20.0,2050,609636.0,3.0,514245.0
1664,2020,53860,,,,,,,
1665,2020,54088,2013,5013.88,45.0,2050,257857.6,21.0,
1666,2020,54327,,,,,,,
1667,2020,826209,,,,,,,
1668,2020,840926,,,,,,,86525.25
1669,2020,54078,2005,1154088.0,20.0,2020,922109.0,7.6,924580.0
1670,2020,58513,2015,465879.0,100.0,2050,0.0,,399711.0
1671,2020,55325,2002,385172.0,33.0,2020,258065.24,100.0,200609.0
1672,2020,35885,,,,,,,
1673,2020,57347,2013,4632700.0,30.0,2030,3242890.0,0.0,
1674,2020,49334,2008,3377333.0,80.0,2050,638793.0,45.75,
1675,2020,31181,2006,21000000.0,80.0,2050,4200000.0,,9050464.4
1676,2020,50378,,,,,,,988330.85
1677,2020,50392,,,,,,,
1678,2020,59151,,,,,,,140830.0
1679,2020,11315,2005,3269000.0,100.0,2038,0.6,40.0,1967000.0
1680,2020,826450,2008,105769.0,80.0,2030,21153.8,59.0,2069613.77
1681,2020,840529,2015,,,2030,,,
1682,2020,74671,2016,1509302.0,40.0,2030,905581.2,14.0,
1683,2020,50544,,,,,,,
1684,2020,58591,2005,3894.0,20.0,2020,3115.2,66.0,
1685,2020,74508,,,,,,,
1686,2020,8242,1990,3514000.0,80.0,2035,702800.0,27.0,824063.0
1687,2020,60394,,,,,,,
1688,2020,74695,,,,,,,
1689,2020,70005,,,,,,,
1690,2020,841269,,,,,,,851993.6
1691,2020,54119,1990,765920.0,80.0,2030,153184.0,56.5,10855.0
1692,2020,50568,2014,3852171.0,80.0,2050,770434.2,0.0,2255036.0
1693,2020,73680,,,,,,,85990.84
1694,2020,3203,2005,36869456.0,26.0,2025,27283397.0,59.0,15893258.0
1695,2020,839672,,,,,,,
1696,2020,54274,,,,,,,
1697,2020,43928,1990,3196800.0,90.0,2045,294000.0,13.0,1704845.0
1698,2020,848478,,,,,,,
1699,2020,50358,2010,4456893.0,1.0,2016,4412324.07,,
1700,2020,35993,2030,65.0,50.0,2050,32.5,,
1701,2020,831230,,,,,,,
1702,2020,49333,,,,,,,9955664.0
1703,2020,58357,2008,583213.0,25.0,2035,437409.75,31.0,221361.0
1704,2020,31110,2003,12905.0,40.0,2030,7743.0,,
1705,2020,60236,,,,,,,
1706,2020,54696,2019,,80.0,,,,
1707,2020,63919,,,,,,,
1708,2020,58485,,,,,,,425035.0
1709,2020,54082,2014,1310000.0,80.0,2050,262000.0,,
1710,2020,35877,2003,5987870.0,80.0,2050,4790296.0,5.0,5010418.0
1711,2020,832838,,,,,,,
1712,2020,35475,2005,15793731.0,80.0,2050,5935550.0,,
1713,2020,35905,2015,19300000.0,50.0,2030,9650000.0,18.0,
1714,2020,54402,1990,1174000.0,80.0,2025,235000.0,41.0,690300.0
1715,2020,35898,1990,21200000.0,97.3,2038,572400.0,42.5,9224532.0
1716,2020,36470,2007,262091.0,20.0,2020,209672.8,7.0,
1717,2020,50678,2009,263550.0,20.0,2020,210840.0,,
1718,2020,826103,,,,,,,
1719,2020,73650,,,,,,,41546.22
1720,2020,58530,2010,,100.0,2050,,,
1721,2020,73667,,,,,,,
1722,2020,60399,,,,,,,
1723,2020,74672,,,,,,,23035.0
1724,2020,50565,,,,,,,
1725,2020,10495,2020,22289335.0,80.0,2050,4457867.0,0.0,18078957.0
1726,2020,50386,,,,,,,
1727,2020,50359,2017,5012133.0,20.0,2020,4009706.4,53.0,2653478.0
1728,2020,60216,1993,459189.0,72.0,2030,132016.8375,42.0,236477.0
1729,2020,60349,,,,,,,
1730,2020,839665,2013,4105900.0,8.0,2040,5800000.0,0.0,
1731,2020,54538,,,,,,,536875.86
1732,2020,54268,,,,,,,1375920.88
1733,2020,826396,2008,1076991.0,20.0,2020,861592.8,30.0,541707.0
1734,2020,74466,,,,,,,
1735,2020,60410,2017,222008.13,30.0,2030,155405.691,5.0,222008.13
1736,2020,63601,,,,,,,
1737,2020,60388,,,,,,,
1738,2020,54614,,,,,,,
1739,2020,54687,,,,,,,
1740,2020,834373,2018,216874.0,50.0,2030,108437.0,,186723.0
1741,2020,35863,2015,22542921.0,80.0,2050,4508584.2,,
1742,2020,31175,2004,7400000.0,100.0,2050,0.0,25.0,3395503.0
1743,2020,36285,2005,2519980.0,80.0,2050,503996.0,95.0,
1744,2020,55324,2008,729469.0,20.0,2020,583575.2,100.0,708903.0
1745,2020,826208,,,,,,,
1746,2020,73413,2016,17605000.0,50.0,2030,8802500.0,28.0,
1747,2020,43975,,,,,,,
1748,2020,831616,,,,,,,
1749,2020,73637,,,,,,,
1750,2020,73666,2010,26918798.0,45.0,2050,14805338.9,9.96,16809805.0
1751,2020,848474,,,,,,,464498.34
1752,2020,46514,2004,1304.0,45.0,2020,717.2,58.0,434026.0
1753,2020,49360,,,,,,,
1754,2020,57616,2007,402364.0,20.0,2030,321891.8,,
1755,2020,63616,,,,,,,
1756,2020,845307,,,,,,,95995.47
1757,2020,60603,2002,7503.0,2.0,2012,7352.94,,
1758,2020,59633,1990,427280.0,80.0,2050,85456.0,47.5,
1759,2020,50550,,,,,,,
1760,2020,832097,,,,,,,
1761,2020,52638,,,,,,,
1762,2020,35880,,,,,,,2478424.0
1763,2020,54625,,,,,,,
1764,2020,74643,2010,1024740.0,100.0,2050,0.0,11.0,945655.06
1765,2020,58797,2010,165372.0,40.0,2030,99223.0,43.0,60999.51
1766,2020,60229,,,,,,,123657.0
1767,2020,60264,,,,,,,
1768,2020,31174,1990,77000000.0,25.0,2020,57750000.0,97.0,16959120.0
1769,2020,36469,,,,,,,
1770,2020,60073,,,,,,,706938.65
1771,2020,59969,,,,,,,
1772,2020,36037,,,,,,,4174608.0
1773,2020,60361,,,,,,,
1774,2020,35893,,,,,,,
1775,2020,74594,2015,904666.0,50.0,2035,452333.0,0.2,445882.3
1776,2020,50782,,,,,,,
1777,2020,69968,,,,,,,
1778,2020,60379,,,,,,,
1779,2020,54124,2005,1660000.0,100.0,2045,0.0,13.0,1440313.0
1780,2020,60433,,,,,,,91007.63
1781,2020,60272,,,,,,,
1782,2020,832009,,,,,,,
1783,2020,839980,,,,,,,
1784,2020,20113,2011,2765000.0,50.0,2050,1865000.0,9.0,2425449.0
1785,2020,35862,2012,10500000.0,30.0,2025,7350000.0,,
1786,2020,31182,1990,7957691.26,40.0,2025,5968268.445,89.0,3950332.0
1787,2020,826427,,,,,,,
1788,2020,59536,2010,4600000.0,80.0,2050,920000.0,5.2,
1789,2020,3417,2005,61062452.0,80.0,2050,36637471.2,42.0,38275608.0
1790,2020,60125,,,,,,,
1791,2020,35858,,,,,,,9060450.0
1792,2020,36426,,,,,,,
1793,2020,36494,2005,2094868.0,52.0,2030,1005536.64,78.0,844474.0
1794,2020,60110,,,,,,,
1795,2020,36501,2009,963239.0,20.0,2020,770591.2,10.33,
1796,2020,74531,,,,,,,
1797,2020,73295,,,,,,,
1798,2020,31114,2006,5815523.0,70.0,2030,1744656.9,31.0,
1799,2020,53959,2010,1443934.0,80.0,2050,288786.8,3.4,
1800,2020,74563,,,,,,,
1801,2020,54395,2005,30840051.55,50.0,2050,15420025.775,,16312206.14
1802,2020,31113,2013,21590000.0,30.0,2030,15113000.0,44.0,10986381.0
1803,2020,36032,,,,,,,
1804,2020,73669,2005,328633.0,40.0,2030,197179.8,24.0,255610.0
1805,2020,55800,2012,1462236.0,47.0,2050,774985.08,,671622.0
1806,2020,63862,,,,,,,
1807,2020,68296,,,,,,,577699.0
1808,2020,69850,,,,,,,
1809,2020,74414,2005,5067000.0,90.0,2050,506700.0,,
1810,2020,54114,2012,1385546.0,50.0,2050,692773.0,,
1811,2020,54109,2016,1328610.0,11.0,2023,1182463.0,,
1812,2020,54681,,,,,,,
1813,2020,54529,1990,2388260.0,50.0,2025,1194130.0,91.4,
1814,2020,848409,,,,,,,
1815,2020,31155,,,,,,,6489679.65
1816,2020,31090,2006,10535018.0,50.0,2050,5243342.0,60.0,3441161.0
1817,2020,54488,1991,494000.0,80.0,2030,98800.0,82.0,350122.0
1818,2020,36261,2010,520715.0,40.65,2030,309046.0,6.8,485684.0
1819,2020,54108,,,,,,,
1820,2020,74558,2014,1360000.0,80.0,2050,272000.0,0.0,
1821,2020,37241,2000,728425.0,80.0,2050,145685.0,26.0,
1822,2020,834139,2020,,40.0,,,,
1823,2020,54637,,,,,,,337318.15
1824,2020,831431,,,,,,,3223629.0
1825,2020,50578,,,,,,,2072005.65
1826,2020,31176,2005,11402180.0,20.0,2020,9121744.0,,14757840.0
1827,2020,35872,,,,,,,
1828,2020,36274,2005,2299923.1,21.3,2020,1810039.4797,17.8,
1829,2020,43909,2007,7408100.0,90.0,2018,740810.0,6.0,
1830,2020,35884,2010,12984993.0,50.0,2035,6492496.5,,
1831,2020,42388,,,,,,,
1832,2020,58488,,,,,,,
1833,2020,43912,2005,18263000.0,35.0,2035,11871000.0,6.0,9939736.0
1834,2020,50540,2008,,26.0,2025,,,
1835,2020,54092,2000,2196556.0,90.0,2050,219655.0,2.0,950515.0
1836,2020,63543,2010,243000.0,70.0,2050,72900.0,25.0,100251.76
1837,2020,59958,,,,,,,
1838,2020,54348,,,,,,,
1839,2020,60599,2011,385000.0,81.0,2050,74000.0,0.0,
1840,2020,55373,,,,,,,
1841,2020,54345,,,,,,,
1842,2020,49367,,,,,,,
1843,2020,58531,2014,651426.0,100.0,2050,0.0,5.3,485574.0
1844,2020,839668,,,,,,,
1845,2020,68373,,,,,,,
1846,2020,840269,2007,4411407.0,80.0,2050,905000.0,0.0,
1847,2020,845133,,,,,,,
1848,2020,54491,2002,2074006.0,75.0,2050,518501.5,0.0,
1849,2020,5871,,,,,,,5925463.83
1850,2020,840943,,,,,,,
1851,2020,74607,2010,213.0,25.0,2024,159.75,,
1852,2020,43907,2010,16408065.0,100.0,2050,0.0,,
1853,2020,31109,,,,,,,993193.74
1854,2020,31009,,,,,,,606636.0
1855,2020,831618,2018,783501.92,23.0,2035,1553.86,4.4,
1856,2020,43914,2015,2015.0,85.0,2050,6262790.4,0.0,
1857,2020,68385,,,,,,,
1858,2020,50387,,,,,,,
1859,2020,54700,,,,,,,
1860,2020,35879,2006,5181707.0,80.0,2050,4404451.0,57.0,2935483.84
1861,2020,50384,,,,,,,
1862,2020,70261,,,,,,,
1863,2020,840313,,,,,,,
1864,2020,54478,,,,,,,
1865,2020,36043,,,,,,,
1866,2020,35867,2016,15510627.6,100.0,2050,0.0,13.0,
1867,2020,54070,2010,1835139.0,99.9,2100,530633.0,4.5,977911.0
1868,2020,62791,,,,,,,
1869,2020,834251,,,,,,,0.0
1870,2020,31446,2005,13073632.0,50.0,2050,9805224.0,29.37,3482634.0
1871,2020,58621,,,,,,,389004.62
1872,2020,31148,1990,3810000.0,95.0,2050,190500.0,,
1873,2020,832509,,,,,,,
1874,2020,826236,,,,,,,
1875,2020,54265,,,,,,,1110100.0
1876,2020,35864,,,,,,,
1877,2020,35894,1990,15562000.0,55.0,2030,7002900.0,95.0,
1878,2020,54650,,,,,,,
1879,2020,50383,2012,1061141.0,,2020,1960000.0,,1037671.0
1880,2020,58346,,,,,,,
1881,2020,60392,,,,,,,192240.0
1882,2020,43910,2013,10781451.0,20.0,2020,8625161.0,0.0,5131800.29
1883,2020,58413,,,,,,,679243.0
1884,2020,36039,,,,,,,
1885,2020,45219,,,,,,,
1886,2020,54662,,,,,,,
1887,2020,848476,,,,,,,0.0
1888,2020,54029,2005,2346251.0,30.0,2030,1642375.7,,
1889,2020,31153,1990,29300000.0,95.0,2050,4395000.0,87.0,9808000.0
1890,2020,59996,2010,421884.0,25.0,2030,316413.0,,
1891,2020,60385,,,,,,,
1892,2020,59642,,,,,,,
1893,2020,58668,2017,801044.0,100.0,2050,0.0,0.0,728024.0
1894,2020,61790,2005,215977.0,40.0,2030,66828.1,85.77,121584.0
1895,2020,54075,2007,2447746.0,20.0,2025,1958197.0,12.0,827143.0
1896,2020,54670,,,,,,,
1897,2020,74463,2010,198675.0,26.0,2025,147019.5,7.0,
1898,2020,69999,,,,,,,311.86
1899,2020,14344,,,,,,,160849.0
1900,2020,60279,,,,,,,
1901,2020,73725,,,,,,,447250.27
1902,2020,826212,,,,,,,
1903,2020,54060,,,,,,,
1904,2020,840178,,,,,,,
1905,2020,54692,,,,,,,
1906,2020,50375,2010,14330260.0,1.0,2016,14330260.0,0.0,
1907,2020,58627,,,,,,,
1908,2020,50551,,,,,,,2216935.0
1909,2020,54037,,,,,,,
1910,2020,54641,,,,,,,
1911,2020,54085,,,,,,,2063648.0
1912,2020,54633,,,,,,,
1913,2020,43940,1990,1460000.0,40.0,2020,876000.0,36.0,769628.0
1914,2020,31150,,,,,,,
1915,2020,840521,,,,,,,
1916,2020,35865,2014,5139514.0,20.0,2030,4111611.2,4.0,
1917,2020,74401,2012,483773.0,41.0,2030,430541.0,25.0,390600.0
1918,2020,55801,2008,5513890.0,100.0,2050,0.0,5.0,783518.0
1919,2020,54521,2017,1943330.0,100.0,2050,0.0,0.0,1027342.0
1920,2020,60273,,,,,,,
1921,2020,848127,,,,,,,
1922,2020,51374,,,,,,,
1923,2020,834126,2005,1341564.0,40.0,2030,804938.4,30.62,711226.0
1924,2020,60638,,,,,,,
1925,2020,36477,,,,,,,
1926,2020,58483,,,,,,,
1927,2020,54104,2005,1846217.0,80.0,2050,369243.4,18.0,768765.0
1928,2020,73645,,,,,,,353742.0
1929,2020,49327,2010,2652837.0,100.0,2050,0.0,3.65,1941206.0
1930,2020,826207,,,,,,,1554768.0
1931,2020,50566,2015,5178548.0,80.0,2050,1035709.6,,5178548.0
1932,2020,50571,2007,412875.0,80.0,2050,82575.0,11.0,263675.0
1933,2020,54290,,,,,,,
1934,2020,834406,,,,,,,
1935,2020,54349,,,,,,,
1936,2020,839667,,,,,,,
1937,2020,826237,,,,,,,
1938,2020,840039,,,,,,,12128.27
1939,2020,50208,,,,,,,
1940,2020,834229,,,,,,,446389.91
1941,2020,36262,,,,,,,
1942,2020,834058,,,,,,,
1943,2020,74488,,,,,,,
1944,2020,42384,,,,,,,2031483.0
1945,2020,46470,2006,841068.0,25.7,2020,624913.524,52.0,561044.0
1946,2020,840924,,,,,,,
1947,2020,60409,,,,,,,
1948,2020,832078,,,,,,,
1949,2020,42120,,,,,,,
1950,2020,50389,,,,,,,
1951,2020,60258,,,,,,,
1952,2020,826182,,,,,,,
1953,2020,826380,,,,,,,
1954,2020,55419,,,,,,,
1955,2020,54498,2007,2141277.0,20.0,2020,1713021.6,21.32,0.0
1956,2020,826201,,,,,,,
1957,2020,60284,,,,,,,
1958,2020,831152,,,,,,,
1959,2020,54617,,,,,,,
1960,2020,50559,,,,,,,873881.0
1961,2020,50543,2016,6775289.0,80.0,2050,1365616.5,0.0,
1962,2020,845132,,,,,,,31592.33
1963,2020,843399,,,,,,,629434.0
1964,2020,35857,2006,9300000.0,84.0,2050,8556000.0,44.0,
1965,2020,74418,2005,793077.0,80.0,2050,158615.4,0.0,
1966,2020,60339,,,,,,,
1967,2020,50398,,,,,,,
1968,2020,43937,2001,1135995.0,80.0,2050,647517.15,70.0,
1969,2020,62868,,,,,,,
1970,2020,50560,2005,3542130.0,36.0,2020,2266963.2,63.0,2678259.0
1971,2020,848125,,,,,,,
1972,2020,73684,,,,,,,0.0
1973,2020,59644,2019,,28.0,2025,,,
1974,2020,60633,,,,,,,
1975,2020,60092,2007,355200.0,80.0,2030,71040.0,29.0,
1976,2020,53829,,,,,,,
1977,2020,35878,2005,4235545.0,83.0,2050,720042.65,39.0,
1978,2020,58626,1990,,,,,,
1979,2020,54517,,,,,,,455709.0
1980,2020,54116,2003,1266234.0,50.0,2030,633117.0,27.0,
1981,2020,54329,2015,2678.46,35.0,2030,6405.08,35.0,2647385.0
1982,2020,42123,,,,,,,
1983,2020,54113,2016,826270.21,80.0,2050,702329.6785,0.0,667175.73
1984,2020,1499,2005,4997970.0,50.0,2030,2748883.0,26.0,
1985,2020,31170,,,,,,,
1986,2020,50377,,,,,,,
1987,2020,50203,2015,6408191.0,40.0,2030,3844914.6,,
1988,2020,31187,2005,49445000.0,40.0,2050,30000000.0,5.6,
1989,2020,49345,,,,,,,
1990,2020,831926,,,,,,,
1991,2020,69995,2007,2221.0,80.0,2030,444.2,34.0,
1992,2020,52894,,,,,,,
1993,2020,43932,2016,9921457.0,50.0,2050,7630790.0,0.0,8414058.0
1994,2020,834374,,,,,,,
1995,2020,69973,,,,,,,
1996,2020,69824,,,,,,,
1997,2020,31149,2014,4537406.78,40.0,2030,2722444.068,20.97,383677.0
1998,2020,50541,2005,5322016.0,40.0,2025,3193210.0,42.46,
1999,2020,35268,2005,7820179.0,25.0,2050,5865134.25,85.0,4172502.0
2000,2020,35903,,,,,,,
2001,2020,54388,,,,,,,16200490.0
2002,2020,73301,,,,,,,
2003,2020,31146,2016,4.89,64.0,2050,0.0,,9856045.0
2004,2020,31184,2010,15115.0,30.0,2020,10580.5,,
2005,2020,50673,,,,,,,
2006,2020,31173,2005,7418000.0,45.0,2050,5934400.0,74.0,
2007,2020,60393,,,,,,,
2008,2020,36158,2005,2913413.0,25.0,2020,2185059.75,12.5,2559322.0
2009,2020,49172,,,,,,,
2010,2020,35853,2007,9226075.0,25.0,2020,6919556.0,50.4,4687611.0
2011,2020,58489,2012,307342.0,95.0,2050,15367.1,24.0,170031.0
2012,2020,53254,,,,,,,376929.0
2013,2020,60142,,,,,,,
2014,2020,59535,2018,244217.01,25.0,2025,183162.7575,0.0,
2015,2020,19233,,,,,,,
2016,2020,1184,2010,14500000.0,90.0,2050,1450000.0,14.0,
2017,2020,59562,2007,539855.0,100.0,2040,0.0,,
2018,2020,60105,2005,2848300.0,40.0,2020,1708980.0,80.0,1540730.01
2019,2020,35873,,,,,,,4731406.0
2020,2020,56276,2005,20200278.72,25.0,2030,15609669.85,5.0,
2021,2020,35886,1991,4469786.0,40.0,2030,2681872.0,33.0,2299973.0
2022,2020,827048,2005,,,,,,
2023,2020,63562,2005,,45.0,2035,,,805302.88
2024,2020,841003,,,,,,,
2025,2020,10894,1990,36200000.0,73.0,2035,9774000.0,49.0,18683071.0
2026,2020,44210,,,,,,,38090341.0
2027,2020,31157,,,,,,,
2028,2020,826407,,,,,,,
2029,2020,60168,,,,,,,
2030,2020,841098,,,,,,,
2031,2020,31179,1990,23700000.0,49.0,2030,12087000.0,0.0,16664532.0
2032,2020,43917,2007,5672432.0,40.0,2030,4424.5,9.7,
2033,2020,54291,,,,,,,
2034,2020,840161,,,,,,,
2035,2020,55372,,,,,,,
2036,2020,840244,,,,,,,
2037,2020,74575,2017,7451000.0,50.0,2030,3725500.0,0.0,
2038,2020,50361,,,,,,,
2039,2020,31115,,,,,,,8622822.0
2040,2020,37261,,,,,,,
2041,2020,60267,,,,,,,
2042,2020,60126,,,,,,,88000.0
2043,2020,35870,,,,,,,
2044,2020,63941,2010,22177409.0,80.0,2050,4435481.8,0.0,
2045,2020,73706,2005,367294.0,25.0,2020,275470.5,14.0,409039.0
2046,2020,68388,,,,,,,
2047,2020,36286,2007,1261231.0,41.8,2030,734036.442,21.6,
2048,2020,826429,,,,,,,
2049,2020,834083,,,,,,,
2050,2020,831999,,,,,,,14600.62
2051,2020,73750,,,,,,,
2052,2020,74546,,,,,,,
2053,2020,54110,1990,1386640.0,80.0,2030,289837.0,31.0,731059.0
2054,2020,839666,2017,314.83,10.0,2023,280.0,10.0,
2055,2020,31111,2000,62200000.0,30.0,2050,43700000.0,,
2056,2020,54389,2005,18581188.0,50.0,2050,9290594.0,0.0,
2057,2020,54579,,,,,,,
2058,2020,31052,2005,2682000.0,26.0,2020,1984680.0,46.0,
2059,2020,35449,2005,5.5,82.0,2050,3.96,73.0,892116.0
2060,2020,59124,,,,,,,
2061,2020,58871,,,,,,,
2062,2020,833284,2016,21000000.0,100.0,2041,0.0,,8681840.36
2063,2020,35874,2012,17014987.0,30.0,2025,11910490.9,6.33,8666375.0
2064,2020,42178,,,,,,,
2065,2020,848129,,,,,,,
2066,2020,54632,,,,,,,
2067,2020,831674,,,,,,,
